# RUN_PARAMS {"alfanat":0.0,"batch":true,"bussola":1,"calore_scal":true,"calore_vett":false,"campo_spinoriale":true,"chi_basc":false,"chi_core":true,"chi_da_spinore":false,"coppia":1.0,"costanti_effettive":{"CS_M":2.0,"GAMMA":0.05,"K_C":2.0,"LAM":0.8,"PHI_CRIT":6.283185307179586,"SCALA_B":1.0},"cs_dinamico":false,"csv":"csv/_seal_53c/_check_materia_cond.csv","da_libera":false,"db_cleanup":true,"db_ogni":250,"denoise":false,"deparam_orologio":true,"diaglog":"csv/_seal_53c/_check_materia.csv","diffres":0.0,"dpi":100,"dt":null,"elast_c":null,"fps":20,"frames":0,"gamma":0.05,"giri":1.0,"guscio_morbido":false,"ham":0.0,"kfrange":0.0,"kuramoto_su2":false,"lam":0.8,"leggi_attive":{"CHI_BASC":false,"CHI_CORE":true,"CS_DINAMICO":false,"LS_AZIM":false,"OLON_PART":false,"PAV_COM":false,"PLAST_DIN":false,"POLO_MATURO":false,"REGIME":"deterministico","SPINORE":true,"SPINORE_VIVO":true,"SPIN_FEEDBACK":false,"SPIN_LARMOR":false,"SYNC_UPDATE":false,"TAU_USA_D0":false,"VERLET":false,"VERSO_CHI":false,"VIRIALE":false,"ZETA_LOC":false,"ZETA_VIR":false},"ls_azim":false,"maxnodi":4000000,"mitmax":0,"mupsi":-0.05,"nmasse":3,"nmasse_effettive":3,"nodi":900,"ogni":150,"ogni_effettivo":150,"olon_part":false,"orologio_segno":false,"out":null,"passi":150,"passi_effettivi":150,"passi_per_frame":null,"pav_com":false,"plam":1.0,"plast_din":false,"plastmit":0.0,"polo_maturo":false,"regime":null,"scala":1.0,"scuotimento":false,"seed":1,"seed_effettivo":1,"sep":8.0,"sep_effettivo":8.0,"size":null,"solo_materia":false,"spin_feedback":false,"spin_larmor":false,"spin_positivi":false,"spinore_corretto":true,"spinore_vivo":true,"sync":false,"sync_db":null,"sync_fase_orologio":false,"sync_spinore":false,"tau_d0":false,"tauloc":1.0,"tempo_proprio_orientato":false,"tempo_segno":false,"test":null,"trace_out":null,"trace_segno":false,"tw_spinore":false,"verlet":false,"verso_chi":false,"viriale":false,"vista_rete":false,"zeta":0.75,"zeta_loc":false,"zeta_vir":false}
step,n,n_archi,I2_min,I2_max,I2_mean,I2_absmax,r_min,r_max,r_mean,tw_min,tw_max,tw_mean,tw_absmax,phi_min,phi_max,phi_mean,phivel_min,phivel_max,phivel_mean,phivel_absmax,d_min,d_max,d_mean,d0_min,d0_max,d0_mean,eta_min,eta_max,eta_mean,tau_min,tau_max,tau_mean,dmin_nodi,xi_termo,n_naninf,n_I2_grandi,n_lontani,m0_I2pesata,m0_raggio,m0_N,m0_coer,m0_spin,m0_spin_disp,m0_spin_core,m0_spin_core_disp,m0_spin_axis_R,m0_omega_axis_R,m0_spin_core_cv,m0_Mdyn,m0_Mcoh,m0_Rinerzia,m0_Jrot,m0_Jshell_frac,m0_Ncore,m0_Nshell,m0_vort_pos,m0_vort_neg,m0_carica,m0_coer_nucleo,m0_N_nucleo,m0_raggio_nucleo,m0_Lz,m0_Lz_norm,m0_picco_picco,m0_picco_n_dominio,m0_picco_chi,m0_picco_spin,m0_picco_spin_x,m0_picco_spin_y,m0_picco_spin_z,m0_picco_spinor_alpha_re,m0_picco_spinor_alpha_im,m0_picco_spinor_beta_re,m0_picco_spinor_beta_im,m0_picco_coerenza,m0_picco_verso_x,m0_picco_verso_y,m0_picco_verso_z,m1_picco_picco,m1_picco_n_dominio,m1_picco_chi,m1_picco_spin,m1_picco_spin_x,m1_picco_spin_y,m1_picco_spin_z,m1_picco_spinor_alpha_re,m1_picco_spinor_alpha_im,m1_picco_spinor_beta_re,m1_picco_spinor_beta_im,m1_picco_coerenza,m1_picco_verso_x,m1_picco_verso_y,m1_picco_verso_z,m2_picco_picco,m2_picco_n_dominio,m2_picco_chi,m2_picco_spin,m2_picco_spin_x,m2_picco_spin_y,m2_picco_spin_z,m2_picco_spinor_alpha_re,m2_picco_spinor_alpha_im,m2_picco_spinor_beta_re,m2_picco_spinor_beta_im,m2_picco_coerenza,m2_picco_verso_x,m2_picco_verso_y,m2_picco_verso_z,chi_core_media,chi_core_abs_media,rho0_core_max,rho_c_core,r_core_medio,n_cicli_topologici,circolazione_topologica_max,circolazione_topologica_media_assoluta,circolazione_topologica_rms,corrente_arco_max,gradiente_rho_arco_media_assoluta,circolazione_topologica_media,olonomia_fase_max,olonomia_fase_media_assoluta,olonomia_fase_rms,berry_spin_max,berry_spin_media_assoluta,berry_spin_rms,berry_spin_media,spin_feedback_arco,spin_cluster_modulo,spin_cluster_omega,spin_neel_modulo,spin_neel_omega,spin_axis_R,segno_arco_coer,segno_arco_coer_materia,verso_arco_coer,segno_ov_absmedia,spin_overlap_arco,ncrit_adattivo,rho_critica,lambda_eff_min,lambda_eff_med,lambda_eff_max,lambda_eff_ratio_med,rho_su_rhoc_max,m1_N,m1_coer,m1_coer_nucleo,m1_spin,m1_Lz,m2_N,m2_coer,m2_coer_nucleo,m2_spin,m2_Lz,n_masse,coer_01,cosphi_01,Lz_orb_01,dist_01,coer_02,cosphi_02,Lz_orb_02,dist_02,coer_12,cosphi_12,Lz_orb_12,dist_12,scala_com,rcom_01,rcom_02,rcom_12,tw_q,tw_disp,sync_rel,d0_disp,rchi_pos,rchi_neg,rchi_ratio,frac_chi_neg,dens_g0,dens_g1,dens_g2,dens_g3,dens_g4,guscio_idx,centro_N,centro_coer,centro_cosphi,guscio_N,guscio_coer,guscio_cosphi,guscio_circ,m0_picco_spin_plus,m0_picco_spin_minus,m0_picco_contrasto,m0_picco_q_x,m0_picco_q_y,m0_picco_q_z,m0_picco_q_modulo,m0_picco_n_plus,m0_picco_n_minus,m1_picco_spin_plus,m1_picco_spin_minus,m1_picco_contrasto,m1_picco_q_x,m1_picco_q_y,m1_picco_q_z,m1_picco_q_modulo,m1_picco_n_plus,m1_picco_n_minus,m2_picco_spin_plus,m2_picco_spin_minus,m2_picco_contrasto,m2_picco_q_x,m2_picco_q_y,m2_picco_q_z,m2_picco_q_modulo,m2_picco_n_plus,m2_picco_n_minus
0,1196,207563,0.0,1.1879646020429495e-11,7.355738820450045e-14,1.1879646020429495e-11,0.43213997275546895,8.78208983441146,7.677267309007615,-9.15256856591317,9.406460730498843,-0.00013551539994294877,9.406460730498843,0.0001364586863664692,12.566150039936623,6.42069460422876,-1.235856027352693,1.2951835944213748,0.0008386298755235485,1.2951835944213748,0.041032213438520405,2.398413038938104,1.1639936039644856,0.041032213438520405,2.3977793523910673,1.162178255636285,0.0,0.07621195813997333,0.00367467324752615,1.0,1.0,1.0,0.017516396737190548,-0.14447165925213512,0,0,0,0.0,0.5947979314798189,372,0.9987,-0.04187,0.41708351462712373,0.0,0.0,0.0,0.0,0.0,0.0,0.0,0.0,0.0,0.0,372,0,0,0,0,0.9986,372,0.5947979314798189,0.0,0.0,80.0,372.0,0.0323133,1.0,0.0,0.0,1.0,1.0,0.0,0.0,0.0,0.0,0.0,0.0,1.0,452.0,372.0,0.0052875,1.0,0.0,0.0,1.0,1.0,0.0,0.0,0.0,0.0,0.0,0.0,1.0,824.0,372.0,4.26e-05,1.0,0.0,0.0,1.0,1.0,0.0,0.0,0.0,0.0,0.0,0.0,1.0,-0.1,1.0,8.085166330349833e-12,289.78281902024537,0.0,256,4.817724143558119e-18,1.6528878730203507e-19,4.505469268314792e-19,6.725083949692274e-18,4.722027450268477e-15,-4.146616550224032e-20,25.074739668383625,7.557508204827128,9.409155560980091,3.1176009093966393,1.1919402670763442,1.4972041110690328,0.16491029662478787,0.0,0.9245746956871657,0.0,0.012951287477635178,0.0,0.0,0.0,0.0,0.0,0.0,0.0,621.4857873344093,289.7828177215713,0.609170287691723,0.609170287691728,0.609170287691728,0.76146285961466,4.0994997956861886e-14,372,0.9987,0.9991,0.005,0.0,372,0.9988,0.9988,0.02835,0.0,3,0.9975,1.0,0.0,0.0,0.9975,1.0,0.0,0.0,0.9976,1.0,0.0,0.0,0.0,0.0,0.0,0.0,0.0015,1.0,1.41555,0.27083,0.9832,0.9764,0.993,0.4975,3.9196,1.3419,0.1059,0.0,12.8536,3.2793,0,0.0,0.0,0,0.0,0.0,0.0,0.0,0.0,0.0,0.0,0.0,0.0,0.0,192.0,180.0,0.0,0.0,0.0,0.0,0.0,0.0,0.0,187.0,185.0,0.0,0.0,0.0,0.0,0.0,0.0,0.0,186.0,186.0
1,1196,207563,6.450818483242069e-15,5.0634386473609397e-11,2.7380124259959425e-11,5.0634386473609397e-11,0.4310874444807649,8.782420160836777,7.677273200437579,-9.354626644732027,9.406527655891646,-0.04966938676435459,9.406527655891646,0.0002975926234455095,12.566135749578088,5.970790456153398,-1.235344514057902,1.2997672154103657,0.0008492909769408492,1.2997672154103657,0.05,2.3984139508886577,1.1640011024219532,0.05,2.3971469438306916,1.159489259566493,0.01,0.08621195813997333,0.013674673247526149,1.4142115624116158e-06,1.4142129765874858,0.09459750534038673,0.017547411903829434,-0.16035428946309374,0,0,0,1.0185136297572146e-08,0.5947094485531593,372,0.9634,-0.04462,0.41811438301302195,-0.02961526235613115,0.41768332019711696,0.9999999580367007,0.0480571445226276,1.5803892995277964,1.0552013845668263e-08,1.0185140449352315e-08,1.036020455303518,3.5063813404653985e-09,0.0,372,0,0,0,0,0.9634,372,0.5947094485531593,1.285475,1.285474744009628,252.0,372.0,0.0171063,1.0,-9.9e-06,1.75e-05,1.0,1.0,-0.0,-4.9e-06,8.8e-06,0.9652315,-9.9e-06,1.75e-05,1.0,799.0,372.0,0.018406,1.0,4.2e-06,-8.1e-06,1.0,1.0,-0.0,2.1e-06,-4.1e-06,0.9943487,4.2e-06,-8.1e-06,1.0,938.0,372.0,-0.0024166,1.0,-1.01e-05,-3e-07,1.0,1.0,0.0,-5e-06,-2e-07,0.9956145,-1.01e-05,-3e-07,1.0,0.005016722408026756,1.0,3.3001088913634606e-11,289.78282622775663,0.0,256,1.6841267070368216e-17,5.531809021414557e-19,1.5828431047044537e-18,1.5571058257415705e-17,8.72736430836072e-12,1.4652505268531985e-19,23.987030542435303,7.280740722865518,8.905621770849894,3.135525441152384,1.1559504505115594,1.5048976282353206,0.2282827554327715,0.0,0.9298426223854699,0.0014595730864541143,0.008467766014172814,0.9381631436521282,0.9959602089484899,0.9598495373466726,0.9638423944582123,0.9623207817173367,0.9871651008020977,0.9811603908586687,621.4858098107328,289.7828282017021,0.6091702876917054,0.6091702876917162,0.609170287691728,0.7614628596146452,1.747321840560047e-13,372,0.9945,0.9945,0.00433,-0.797804,372,0.9955,0.9955,0.0282,0.118307,3,0.9581,0.9999,2.617057,13.857,0.959,0.9998,-2.616268,13.897,0.99,1.0,-1.572928,13.909,8.018,1.7282,1.7332,1.7347,0.25599,0.15543,1.41572,0.27083,0.9832,0.9764,0.993,0.4975,3.9196,1.3419,0.1059,0.0,12.8536,3.2793,80,0.0526,-0.077,31,0.08,0.3414,2.0,1.0,1.0,0.0,-3.3e-06,-2.25e-05,0.0171063,0.0171063,192.0,180.0,1.0,1.0,0.0,0.0,1.5e-06,0.018406,0.018406,187.0,185.0,1.0,1.0,-0.0,-9.4e-06,-8.9e-06,-0.0024166,0.0024166,186.0,186.0
2,1196,207563,2.1390565497529707e-14,5.097079301976755e-11,2.7163613059656225e-11,5.097079301976755e-11,0.4310871215419188,8.78242015756345,7.677273197295052,-9.199998605990807,9.127339747647836,-0.05587576279340773,9.199998605990807,4.416057480425184e-06,12.566268673475317,6.2263800409536465,-1.2353445133446637,1.2997672219152754,0.0008703693723984892,1.2997672219152754,0.05,2.3984195739388032,1.1640011047878431,0.06869587466949292,2.3959585359708235,1.154023749349359,0.010000014142115625,0.10035408790584818,0.014620648300930019,0.0012574859067222555,1.4142129765874858,0.09585788288646792,0.017576951398442016,-0.160354311456435,0,0,0,9.85754226410894e-09,0.594740024702351,372,0.9471,-0.04562,0.4162935947862223,-0.029561790641726524,0.4185342902902649,0.9999999579441888,0.04803620166158878,1.583609092175757,1.0427014291661031e-08,9.857551490820892e-09,1.0577691936349924,3.468124571277821e-09,0.0032444927168884907,371,1,0,0,0,0.9471,372,0.594740024702351,-0.066668,-0.06666848577350493,252.0,372.0,0.0389723,1.0,-8.3e-06,1.5e-05,1.0,1.0,-0.0,-4.1e-06,7.5e-06,0.9454687,-8.3e-06,1.5e-05,1.0,697.0,372.0,0.0184332,1.0,4.5e-06,-8.2e-06,1.0,1.0,-0.0,2.2e-06,-4.1e-06,0.9864365,4.5e-06,-8.2e-06,1.0,906.0,372.0,-0.0004257,1.0,-1.03e-05,-1e-06,1.0,1.0,-0.0,-5.1e-06,-5e-07,0.9873633,-1.03e-05,-1e-06,1.0,0.005016722408026756,1.0,5.063467290513291e-11,289.7828282144261,0.0,256,4.1520539780693867e-17,1.2729692968512733e-18,3.38565727813053e-18,4.132815439233617e-17,8.643105319214568e-12,4.5026323842772556e-20,19.12397363711441,5.4662801643446155,6.62220408420907,3.1338467412440782,0.9707136098116622,1.3108178792278466,0.12681342151193484,0.0,0.9375949331998273,0.009720416011825068,0.009828729235240525,0.9701585773618344,0.9911187216080553,0.9432664745663483,0.9503947770635413,0.9439605639782553,0.9829112299577245,0.9719802819891277,621.4858097419142,289.78282816961377,0.6091702876917053,0.6091702876917161,0.609170287691728,0.7614628596146451,1.7589307600357072e-13,372,0.9873,0.9873,0.00368,0.000128,372,0.9881,0.9881,0.0283,0.000214,3,0.9351,0.9965,0.000235,13.862,0.9358,0.9962,-0.000285,13.903,0.9756,1.0,-3.7e-05,13.908,8.0199,1.7284,1.7335,1.7342,0.26259,0.67839,1.41549,0.2631,0.9832,0.9764,0.993,0.4975,3.9196,1.3419,0.1059,0.0,12.8536,3.2793,80,0.0964,-0.7848,31,0.018,-0.7517,1.0,1.0,1.0,0.0,-4.1e-06,-1.95e-05,0.0389723,0.0389723,192.0,180.0,1.0,1.0,0.0,-9e-07,1.5e-06,0.0184332,0.0184332,187.0,185.0,1.0,1.0,-0.0,-9.3e-06,-8.4e-06,-0.0004257,0.0004259,186.0,186.0
3,1196,207563,4.570677710306062e-15,6.062381272121524e-11,2.6160502081389007e-11,6.062381272121524e-11,0.43108625233722164,8.782420149319394,7.67727318754294,-9.308261527687018,9.36262665084991,-0.06721118143844623,9.36262665084991,1.7055582478530014e-05,12.566295167432962,6.583496458486044,-1.2353439916443003,1.2997738146434497,0.0008914829061005741,1.2997738146434497,0.05,2.398433669614106,1.164001104587526,0.08485574441103812,2.3935192978440663,1.1438624562256159,0.010012589001182848,0.11449621767172304,0.015579227129794697,0.8601100758055197,1.4142129765874858,0.9922521217025275,0.017605085505244013,-0.16037571774650222,0,0,0,8.15610534101428e-09,0.5947260084093059,372,0.8929,-0.04834,0.4148702291079253,-0.028534568224839175,0.41884250765054987,0.9999999577310991,0.031283385593569225,1.5847498457342823,9.2493884196354e-09,8.156151681463072e-09,1.1340383039536877,3.076391478074054e-09,0.03700969411982429,363,9,0,0,0,0.8929,372,0.5947260084093059,0.046,0.045999561824408675,252.0,372.0,0.0334257,1.0,-8.4e-06,1.34e-05,1.0,1.0,-0.0,-4.2e-06,6.7e-06,0.8985213,-8.4e-06,1.34e-05,1.0,697.0,372.0,0.0189862,1.0,4.8e-06,-8.1e-06,1.0,1.0,-0.0,2.4e-06,-4.1e-06,0.9805556,4.8e-06,-8.1e-06,1.0,927.0,372.0,0.0028241,1.0,-8.9e-06,-1.8e-06,1.0,1.0,-0.0,-4.4e-06,-9e-07,0.9751632,-8.9e-06,-1.8e-06,1.0,0.005016722408026756,1.0,5.918213258715025e-11,289.7828282036843,0.0,256,8.207542287262755e-17,3.2818231994841205e-18,9.243444842316101e-18,8.116251085737882e-17,8.33619751508723e-12,-4.3047448588138416e-19,21.538550056908804,5.781575538020663,7.067315667524006,3.1130589685519476,0.8585109430939224,1.1683034733948294,-0.06955157474889616,0.0,0.9345429384939952,0.013041334253391918,0.007603809248246306,0.5244445669419383,0.975815408062897,0.931294349402962,0.9344690963207213,0.9253470124856176,0.9764510402680839,0.9626735062428091,621.4858092306129,289.7828279312071,0.6091702876917016,0.609170287691716,0.609170287691728,0.761462859614645,2.092042967280553e-13,372,0.978,0.978,0.00348,-0.001259,372,0.973,0.973,0.02822,-0.001508,3,0.8733,0.986,-0.000221,13.858,0.8688,0.9857,3.2e-05,13.899,0.9516,1.0,-0.000106,13.907,8.0183,1.7283,1.7334,1.7344,0.26465,0.67419,1.41526,0.24258,0.9832,0.9764,0.993,0.4975,3.9196,1.3419,0.1059,0.0,12.8536,3.2793,80,0.1154,-0.9642,31,0.0433,-0.9961,1.0,1.0,1.0,0.0,-5.8e-06,-1.91e-05,0.0334257,0.0334257,192.0,180.0,1.0,1.0,0.0,-1.1e-06,1.6e-06,0.0189862,0.0189862,187.0,185.0,1.0,1.0,-0.0,-1.09e-05,-7.9e-06,0.0028241,0.0028241,186.0,186.0
4,1196,207563,7.877683034291505e-14,1.0699214888170957e-09,3.588684516967885e-10,1.0699214888170957e-09,0.43108419179038576,8.782420120116056,7.677273153363888,-9.417412425862636,9.440153753396578,-0.07841431616344745,9.440153753396578,9.405840754108784e-06,12.566284012401809,7.605312645202393,-1.2350189750331828,1.3045758635174458,0.0009087183893067468,1.3045758635174458,0.05001354335961015,2.39846550352423,1.1640023818099114,0.08485990546754539,2.3919123859387823,1.1256896540687922,0.018613689759238043,0.1286383474375979,0.025501748346819973,0.7322180971990442,1.4142122415573506,0.958084628131806,0.01763182845936774,-0.17559220415729768,0,0,0,7.578245443244925e-08,0.5948710977509547,372,0.8134,-0.05333,0.41634520057677527,-0.02629024787404471,0.41981261473798603,0.9996202516884358,0.06955363899448483,1.5862763549863355,9.653935541777947e-08,7.578427720467496e-08,1.273870504261063,3.218204482681189e-08,0.07808245484038508,353,19,0,0,0,0.8134,372,0.5948710977509547,0.00311,0.0031104689538685726,429.0,372.0,0.008777,0.9996239,0.0008252,-0.0016033,0.9996223,0.9999939,-0.0033607,0.0004099,-0.0008032,0.8324232,0.0008255,-0.0016039,0.9999984,697.0,372.0,0.0225054,0.9994143,-0.0003147,0.0007447,0.9994139,0.9999881,-0.0048656,-0.0001554,0.0003733,0.9675995,-0.0003149,0.0007452,0.9999997,927.0,372.0,0.0017039,0.9993934,0.0015838,0.0005201,0.9993921,0.9999878,-0.0048643,0.0007936,0.000256,0.9631172,0.0015847,0.0005204,0.9999986,0.005016722408026756,1.0,9.487384088623517e-10,289.7828570461848,0.0,256,3.097945951011911e-16,1.0881838274887212e-17,2.52036796972076e-17,3.098545542198043e-16,1.184513323525853e-10,-1.7177816168080904e-18,25.013476308165263,6.122505589458959,7.629063394073471,3.128475467056817,1.1286019543213126,1.4569153806622919,-0.07487484233464804,0.0,0.9267003868189106,0.00927689836052535,0.019757313097197488,0.2807198722429795,0.9961529593739996,0.9704112370759889,0.9753694130718722,0.9719457099257434,0.9759960248673148,0.9859728549628718,621.4858686528019,289.7828556382436,0.6091702876912397,0.6091702876915464,0.609170287691728,0.7614628596144329,3.692149028142487e-12,372,0.9652,0.9652,0.00391,-0.002383,372,0.9545,0.9545,0.02807,-0.010539,3,0.7852,0.9646,-0.000468,13.858,0.7765,0.9626,-0.000308,13.894,0.9213,1.0,-9.3e-05,13.907,8.0172,1.7285,1.733,1.7346,0.2712,0.59557,1.41535,0.20384,0.9832,0.9764,0.993,0.4975,3.9196,1.3419,0.1059,0.0,12.8536,3.2793,80,0.08,-0.9595,31,0.0265,0.8508,-1.0,0.9996836,0.9995695,5.71e-05,-0.0009531,-0.0023525,0.0088278,0.0091855,192.0,180.0,0.9994402,0.9993873,2.64e-05,-0.0001892,0.0003379,0.0225183,0.0225216,187.0,185.0,0.9993826,0.9994096,-1.35e-05,-0.001889,-0.0013047,0.0016931,0.0028526,186.0,186.0
5,1196,207563,2.9177105960723056e-14,6.138936773933374e-09,1.6988244454496866e-09,6.138936773933374e-09,0.43107941976545916,8.78242015301507,7.6772730590539995,-9.204999662764909,9.424095571884505,-0.09164177435065589,9.424095571884505,0.00014992909966707232,12.566365676127166,7.786857421267048,-1.2348730290858205,1.3095807311974093,0.000926531674547775,1.3095807311974093,0.05004958967581798,2.3985300450740397,1.1640063344146496,0.08484415610345278,2.3888128403511333,1.09914655653517,0.025935870731228487,0.14277917019590824,0.03508259462813804,0.0007796954874934592,1.2496622074517714,0.6604115288043704,0.017657135019038355,-0.1901377993652955,0,0,0,2.6945621276907574e-07,0.5948900110287046,372,0.7937,-0.05365,0.4176862558322,-0.02566385870382084,0.4214585573120638,0.03993588049505304,0.0028626904025088732,1.5857240317775116,3.641317125383307e-07,2.6945622660778484e-07,1.3513575734449574,1.2152039600564304e-07,0.10868005714663641,347,25,0,0,0,0.7937,372,0.5948900110287046,0.002806,0.0028057125890543766,429.0,372.0,0.0028486,0.054654,0.0369177,-0.0365487,-0.0169805,0.9997369,-0.005638,0.0222345,-9.7e-06,0.8132972,0.6754801,-0.6687285,-0.3106909,697.0,372.0,0.0222743,0.2111072,0.0168179,0.0268092,-0.2087215,-0.98883,0.0095621,-0.1482038,0.0126241,0.9586267,0.0796654,0.1269934,-0.9886992,927.0,372.0,-0.0016053,0.2357505,0.0213994,0.0275416,-0.2331562,-0.8775572,0.0080189,-0.2542304,0.406443,0.9553156,0.0907712,0.1168253,-0.9889957,0.005016722408026756,1.0,5.441175520468485e-09,289.78290149256395,0.0,256,1.413666116984687e-16,1.317462804060218e-17,2.2513381581638122e-17,2.3420320226516155e-15,5.777412758255316e-10,-2.096460955890503e-18,24.53540195862567,6.458924126259884,8.063725156748962,3.034647767268428,1.0524084852080304,1.329734490797203,-0.014961950278537976,0.0,0.1384570086378847,3.041167011850903,0.04188359295812302,0.36337815955954395,0.1890658992410197,0.21066113559275443,0.2779669208644413,0.02845200844453461,0.9763637125679593,0.5142260042222675,621.4859659884751,289.7829010233614,0.6091702876912165,0.6091702876917005,0.609170287691728,0.7614628596146256,2.1184606656410252e-11,372,0.9606,0.9606,0.00339,9.5e-05,372,0.945,0.945,0.02869,-0.009061,3,0.7624,0.9682,-8.5e-05,13.857,0.75,0.9638,6e-06,13.895,0.9078,0.9999,-0.000138,13.908,8.0173,1.7284,1.7331,1.7347,0.28075,0.67559,1.41543,0.15087,0.9832,0.9764,0.993,0.4975,3.9196,1.3419,0.1059,0.0,12.8536,3.2793,80,0.0501,-0.7934,31,0.0582,0.3675,0.0,0.1025578,0.1439857,-0.1680347,-0.0667556,-0.03704,0.082345,0.1122897,192.0,180.0,0.2096324,0.2131836,-0.0083991,-0.0071141,-0.0069753,-0.0044397,0.0109076,187.0,185.0,0.1716059,0.3031839,-0.2771289,0.0130488,0.011748,0.0699883,0.0721572,186.0,186.0
6,1196,207563,8.297442489784779e-14,2.1901997580429574e-08,4.763945647326595e-09,2.1901997580429574e-08,0.43107227537347886,8.782420910209183,7.677272923922135,-9.321022844583918,9.411897955320665,-0.08697370221731617,9.411897955320665,0.00016117226575559256,12.566241102690269,7.880353685221501,-1.2349090544502936,1.3147662704789809,0.0009581334533368053,1.3147662704789809,0.050049637447219054,2.398531692275117,1.1640062822033996,0.08470746451748187,2.3836568770140785,1.0616272075754087,0.02594414466521608,0.15209753609085572,0.041686709916181744,1.4699915446003686e-06,1.337792551701178,0.7062878330278164,0.01768092848246355,-0.20440179074077772,0,0,0,2.778299654670775e-07,0.5949253809803812,372,0.7997,-0.05453,0.41829360858747117,-0.02662204951688255,0.42323625527001096,0.04052759585928028,0.002701866720895544,1.5968663909383642,3.7609040029175875e-07,2.778725919789606e-07,1.3534634618452575,1.2562750746283117e-07,0.1286558462295703,343,29,0,0,0,0.7997,372,0.5949253809803812,-0.015634,-0.015633531890329788,429.0,372.0,0.0020504,0.0549914,0.0356534,-0.0374785,-0.0186616,0.9997637,-0.0056484,0.0209456,-0.0013513,0.8010971,0.6483449,-0.681533,-0.3393547,697.0,372.0,0.0228193,0.0486879,0.0468196,0.005572,0.0121404,0.9237801,0.1560892,0.1978259,-0.2883252,0.9547039,0.9616267,0.1144438,0.2493524,927.0,372.0,0.0001341,0.0364725,-0.0038517,-0.0179579,-0.0315106,0.063313,0.1198438,-0.6849467,0.7158749,0.9496431,-0.1056056,-0.4923692,-0.863956,0.005016722408026756,1.0,1.9356459367866242e-08,289.7829647311671,0.0,256,6.487428516301978e-16,2.2376198861874358e-17,5.474390086841928e-17,1.5955360944511187e-14,1.632321897712802e-09,5.7133842051564634e-18,20.249222095134236,5.804529135294576,7.038487750529442,3.0681181531784976,1.088993284839583,1.4129626610030575,-0.13670230854904816,0.0,0.03471575506400771,0.9484882393269112,0.06463002667925208,0.13512829773504284,0.03043502118270362,0.12411477879003029,0.16363634067433602,-0.002860999348753132,0.8533689020447285,0.49856950032562364,621.4861035572466,289.78296516813674,0.6091702876911532,0.6091702876917119,0.609170287691728,0.7614628596146398,7.55806938745405e-11,372,0.9632,0.9632,0.00333,0.003516,372,0.9478,0.9478,0.02898,-0.0219,3,0.7704,0.9732,-0.0001,13.863,0.758,0.9664,-0.000165,13.897,0.9129,0.9996,0.000105,13.911,8.0195,1.7286,1.7329,1.7346,0.28892,0.60054,1.41547,0.20333,0.9832,0.9764,0.993,0.4975,3.9196,1.3419,0.1059,0.0,12.8536,3.2793,80,0.0497,0.831,31,0.1411,0.9797,3.0,0.101283,0.1446319,-0.1762761,-0.0681115,-0.0351894,0.0816394,0.1119931,192.0,180.0,0.0966822,0.0957816,0.0046792,-0.0141252,-0.012012,0.0809645,0.0830605,187.0,185.0,0.068891,0.0908959,-0.1377141,0.0214399,-0.0456616,0.0512703,0.0719256,186.0,186.0
7,1198,207565,0.0,6.187824435906913e-08,1.1870743118472278e-08,6.187824435906913e-08,0.43187760970140476,8.783048728473794,7.677842692657143,-9.285234103596833,9.310060662611534,-0.08192259656450483,9.310060662611534,5.4294835852604015e-05,12.566076200848201,7.958452453292579,-1.2351456256130793,1.3202113355406941,0.000606643628943631,1.3202113355406941,0.05004963828162788,2.3985888099546884,1.1631118986964868,0.0637531670153908,2.374718278259885,0.9961186394812137,0.0,0.16433216529415623,0.048668203291123674,0.00801970136301211,1.414182105920348,0.9122866107235391,0.017703140760611205,-0.2185237288435004,0,0,0,2.7774201896910295e-07,0.5944844414598267,373,0.7866,-0.054,0.42076342540965816,-0.02841893666613737,0.4251603176535589,0.04066808090793661,0.00016791806851190123,1.6001874082514067,3.770120380944928e-07,2.7789400655008875e-07,1.3566756720481434,1.2595754691250668e-07,0.12412179200506994,337,36,0,0,0,0.7866,373,0.5944844414598267,-0.071325,-0.07132516329352212,429.0,372.0,-0.0142768,0.0453076,0.03239,-0.0250282,-0.0194231,0.9997755,-0.005491,0.0130941,0.0157284,0.7906547,0.7148908,-0.5524062,-0.4286939,697.0,372.0,0.0243311,0.0106689,-0.0083561,0.0030606,-0.005885,0.6414672,-0.6184826,0.1844042,0.4147218,0.9608049,-0.7832239,0.2868686,-0.5516038,927.0,372.0,-0.0037672,0.0694915,-0.0586685,0.0303707,0.0215569,0.3641931,-0.2467367,0.2537638,-0.8614455,0.9616951,-0.8442537,0.4370425,0.310209,0.005016722408026756,1.0,5.78768893692312e-08,289.7830533461914,0.0,256,1.2804286490114317e-15,3.366589518292844e-17,1.0386517295210503e-16,7.914453255128158e-14,4.217707582334915e-09,-7.606177521603795e-18,16.454615466187807,5.673752187335997,6.704048911076078,3.130192243028977,1.254946884726797,1.564725777935623,-0.007748421747186304,0.0,0.018345000341635668,1.7585777723041114,0.027753985070866218,1.0799016161821193,0.03485434757491778,0.0831868494345337,0.1092134162379172,-0.0010747684654158734,0.8178501036305201,0.49946261576729223,621.4862969204651,289.7830553284259,0.6091702876910858,0.6091702876916982,0.609170287691728,0.7614628596146228,2.1353299725872294e-10,373,0.9628,0.9628,0.00396,0.018456,372,0.9584,0.9584,0.02898,-0.079318,3,0.7575,0.9534,-0.000176,13.885,0.7541,0.9431,-0.001796,13.919,0.9228,0.9995,-0.000977,13.914,8.0285,1.7295,1.7337,1.733,0.29619,0.59994,1.41616,0.23311,0.9831,0.9765,0.9932,0.4983,3.9188,1.3416,0.1059,0.0,12.8742,3.2852,80,0.1486,0.836,31,0.2983,0.9465,2.0,0.0939437,0.1388228,-0.1928072,-0.069261,-0.0371994,0.0772459,0.1102171,192.0,180.0,0.0364951,0.0416019,-0.0653906,0.0074874,-0.0326251,-0.0169771,0.0375324,187.0,185.0,0.0680762,0.1071707,-0.2230823,0.0096138,0.0010949,-0.0562422,0.0570685,186.0,186.0
8,1233,207612,0.0,1.0101585765506511e-07,1.9994243009547955e-08,1.0101585765506511e-07,0.377760344412402,8.819909642752304,7.689871755731129,-9.3356731303249,9.384304824151918,-0.07367327392437055,9.384304824151918,7.804346426100971e-05,12.566156989512923,7.997923775234636,-1.2353651439120892,1.3258059760347538,0.00018253404291342733,1.3258059760347538,0.0504240975001138,2.3988829256780235,1.1485422483827383,0.060018003912005846,2.359467966435259,0.9184009885595822,0.0,0.17749512054249436,0.05570612765529301,0.1895272797598817,1.414195178160078,1.0105460592277657,4.3027763746125385e-12,-0.2320067327906457,0,0,0,1.4466182952391903e-06,0.591070056875373,390,0.7272,-0.05178,0.42329837629564243,-0.033205121693488666,0.4233608108171363,0.04321611273902674,0.07702498070600167,1.599930174525163,1.845993932641739e-06,1.4468630556061315e-06,1.2758594709354856,6.119894827108814e-07,0.08729973640621318,343,47,0,0,0,0.7272,390,0.591070056875373,-0.100513,-0.10051251221265889,382.0,372.0,-0.0169808,0.0446427,0.0319672,0.0223003,0.021766,-0.0693929,0.0550431,0.0178096,0.9959105,0.8218462,0.7160688,0.4995292,0.4875613,697.0,373.0,0.0384739,0.0486768,0.0408913,-0.0073533,-0.0253626,-0.521916,0.510096,0.3862581,0.5641014,0.9637079,0.8400577,-0.1510628,-0.5210405,927.0,372.0,0.0049097,0.0818541,-0.0190884,-0.0154144,0.0780905,-0.2603026,-0.4142021,-0.759988,0.4278989,0.9688778,-0.2331997,-0.1883154,0.9540205,0.00333889816360601,1.0,9.02462516839614e-08,289.7831114058533,0.0,256,1.0081013942409118e-15,6.624509601955598e-17,1.6120372093097009e-16,1.786435373464556e-13,7.235079790048023e-09,7.946834997175599e-18,23.179619722257673,5.578216742905534,6.7890386830269325,3.115863027688444,0.9954158297470327,1.3540120527290476,0.04026744476862365,0.0,0.030413446887321616,2.717371300318468,0.014759099332493468,0.8259985656200528,0.03223113896029188,-0.0016977975239893986,-0.006889381861647714,0.003302872698504167,0.7931255399868048,0.5016514363492522,621.4864125546276,289.783109245658,0.6091702876916245,0.609170287691713,0.609170287691728,0.7614628596146412,3.4859125474228685e-10,381,0.9304,0.9304,0.00427,0.026614,382,0.9207,0.9207,0.02951,0.061762,3,0.6776,0.9366,0.001154,13.857,0.6705,0.9259,0.00153,13.915,0.8568,0.9996,-0.000169,13.902,8.0202,1.7278,1.735,1.7334,0.3056,0.61988,1.41802,0.18753,0.9836,0.9771,0.9933,0.498,3.7994,1.3368,0.1266,0.0,13.2277,3.4815,80,0.1852,0.7872,31,0.3312,0.869,3.0,0.0262943,0.0773925,-0.4928132,-0.0345954,-0.0152586,0.0029648,0.037927,192.0,180.0,0.0782536,0.0402023,0.3212276,0.0134205,-0.0337785,-0.0189352,0.0409834,187.0,186.0,0.0682317,0.0968381,-0.1732987,0.0034344,-0.0070541,-0.0152294,0.0171315,185.0,187.0
9,1284,207672,0.0,1.7482287267371157e-07,3.3739942440511393e-08,1.7482287267371157e-07,0.3021479358671742,8.900635786354801,7.704061891597778,-9.407192041997046,9.373265542540292,-0.0443917591175748,9.407192041997046,0.0005409938053860912,12.566070769671,7.953404484065206,-1.235597202913041,1.3311910069290365,-0.001185835360831698,1.3311910069290365,0.050834544104772374,2.3993995051116306,1.1283622083953162,0.05,2.3577050486677638,0.8544179917435137,0.0,0.191574461460728,0.06242590322896672,0.003051674603477994,1.4141992616357366,0.9609533822616831,4.898804952279527e-12,-0.2448607532059694,0,0,0,5.231974003387521e-06,0.5822810674590668,411,0.6812,-0.05159,0.42768324153865733,-0.03314438037519485,0.4262885585310069,0.023938080658862673,0.04015393530661676,1.6215643842814549,6.5409785818403455e-06,5.233197853166424e-06,1.2499008761693635,2.169042401706953e-06,0.07829293766364166,349,62,0,0,0,0.6812,411,0.5822810674590668,0.034457,0.034457268462238844,382.0,373.0,-0.0518057,0.0379593,-0.0142469,0.0254014,0.0243455,0.049698,0.1093083,-0.0565832,-0.9911509,0.8314478,-0.375321,0.6691739,0.6413583,697.0,373.0,0.0350773,0.0397793,-0.032196,0.0122781,-0.0198759,0.2890503,0.3450286,0.766979,0.4573274,0.9599814,-0.8093673,0.3086563,-0.4996557,927.0,373.0,-0.0085941,0.0393862,0.0169806,-0.0054626,-0.0351154,0.7403382,-0.3895695,-0.1505179,-0.5267631,0.9727139,0.4311309,-0.1386922,-0.8915664,0.0040551500405515,1.0,1.8015992736488225e-07,289.78315292961685,0.0,256,1.0281671332728455e-15,7.082428404498464e-17,1.4886318897937867e-16,4.112684720312139e-13,1.3147397730258625e-08,7.503021104526584e-18,24.68631717597545,5.5447930759179425,6.872181934518302,3.036925679498502,0.8766991458457454,1.191921331100763,0.04182358748889056,0.0,0.029176245070901902,2.0842616016351974,0.032364072870173254,1.250832844816593,0.028623333579898727,-0.0009159726192360118,0.008011922069913927,0.0006069463796059736,0.7515115699930935,0.5003034731898032,621.4864967671135,289.7831485117715,0.6091702876914545,0.6091702876916942,0.609170287691728,0.7614628596146178,6.032886093326781e-10,390,0.9112,0.9112,0.0097,0.011771,403,0.8641,0.8641,0.02941,0.02674,3,0.6211,0.9316,-6e-06,13.842,0.5892,0.9277,0.000487,13.905,0.7876,0.9999,-5.6e-05,13.896,8.0142,1.7272,1.735,1.7339,0.3129,0.64243,1.42938,0.15808,0.9838,0.9783,0.9944,0.5008,3.7789,1.3296,0.126,0.0,13.7393,3.6358,80,0.1207,0.6522,31,0.1757,0.6337,0.0,0.0543909,0.037933,0.178262,0.0206325,0.0130642,0.0094096,0.0261709,192.0,181.0,0.075004,0.0433094,0.267887,-0.0372127,0.0224983,0.0203335,0.0480043,185.0,188.0,0.058764,0.0840937,-0.177307,-0.0408362,-0.0433338,0.0140456,0.0611775,183.0,190.0
10,1337,207739,0.0,1.979781719335088e-07,5.011184807207378e-08,1.979781719335088e-07,0.17288427714165192,9.02629874352113,7.713444143929188,-12.35088977300415,11.04280067877719,-0.06316835684441564,12.35088977300415,0.0003414087169180454,12.566323579020233,8.058390590950514,-1.2362776346990214,1.3312226688291726,-0.00518855435097444,1.3312226688291726,0.05128879899492052,2.4010982579971007,1.1092151948068043,0.05705701411464115,2.3532520454064314,0.8194606524560815,0.0,0.20571556869887278,0.06849601572903229,0.0034292511269606862,1.4141991796096742,0.9703069317466568,6.403989544191128e-11,-0.2572263166635443,0,0,0,1.2087887541592693e-05,0.5694913839462784,439,0.6247,-0.05894,0.4281679417753512,-0.03146189177386069,0.42815535870233673,0.0393692203888167,0.0547619459616858,1.6258484794964203,1.509346894177389e-05,1.2089371348750734e-05,1.2484908029013093,5.009672702209611e-06,0.07385673463952533,366,73,0,0,0,0.6247,439,0.5694913839462784,0.086149,0.08614912650775586,394.0,372.0,-0.0302913,0.0525421,0.0198412,0.0086934,-0.0478688,-0.8291537,-0.3009173,-0.3662877,-0.2962874,0.8266566,0.3776243,0.1654561,-0.9110566,697.0,374.0,0.0308827,0.059831,-0.0042919,0.0464014,-0.0375265,-0.5145323,-0.1813284,0.8048971,-0.2334892,0.9657835,-0.0717341,0.7755413,-0.627208,927.0,373.0,-0.0228512,0.0667679,-0.0488877,0.0282537,-0.0356324,0.3884623,-0.2817208,0.0618835,-0.8751576,0.9717749,-0.7322038,0.4231638,-0.533676,-0.001557632398753894,1.0,2.0839252243766205e-07,289.78327440599463,0.0,256,1.5246704025162238e-15,9.815434734091255e-17,2.15795951355799e-16,6.226980557962363e-13,2.11626501625571e-08,1.3027299126308722e-18,23.20930574666351,6.193778993145161,7.610950642033337,3.1398365030574813,1.0538286472932727,1.4321712444699883,0.10631873747363646,0.0,0.03503410667511364,0.34448588311441003,0.024120204328306076,1.9238993655738108,0.05112556327938567,0.00029646858808965806,-0.0022016423597247606,-0.0006001294764676641,0.7171425194728113,0.4996999352617662,621.4867561130909,289.7832694381219,0.6091702876913939,0.6091702876916368,0.609170287691728,0.761462859614546,6.831939342715696e-10,394,0.9202,0.9202,0.00855,-0.025353,424,0.8295,0.8295,0.03167,0.108201,3,0.5749,0.9301,-0.001268,13.823,0.5183,0.9264,0.001273,13.877,0.7635,1.0,0.000523,13.903,8.0064,1.7265,1.7333,1.7364,0.31618,0.65828,1.43339,0.19114,0.9836,0.9796,0.9959,0.5034,3.6916,1.2989,0.1231,0.0146,14.0028,3.7932,80,0.0424,-0.8195,32,0.1176,-0.8797,-2.0,0.0315945,0.0749767,-0.4070725,0.0003436,-0.0005612,0.0263027,0.026311,192.0,180.0,0.0442515,0.0958808,-0.3684324,0.0333883,-0.0232232,0.0111223,0.0421639,185.0,189.0,0.1204325,0.0375021,0.5250936,-0.018322,0.0480592,-0.023595,0.0565871,178.0,195.0
11,1393,207807,0.0,2.639208396719895e-07,7.236002112503288e-08,2.639208396719895e-07,0.1332734277382236,9.114713157347428,7.725504465522746,-12.80213274501564,12.389245279434329,-0.11227455464096807,12.80213274501564,1.2145940441569535e-05,12.56604910452042,8.014868724520756,-1.2370755284064892,1.3341135210713446,-0.005169647225704809,1.3341135210713446,0.0520836613386517,2.403617167669097,1.0964397609172267,0.05,2.343047887578164,0.7801696480243864,0.0,0.21985685982402128,0.07451165536612535,0.0015576320794129517,1.4141971666299944,0.8863775473356045,1.1512545088284946e-10,-0.26931743431835714,0,0,0,2.4383329536636463e-05,0.5612850310320713,460,0.5951,-0.07105,0.42636507480684804,-0.032071898293401443,0.42880080806839826,0.08360466552319099,0.06337667928155837,1.6263114504758154,3.096763992886599e-05,2.4386385771894918e-05,1.2698741100272393,1.0270006444877614e-05,0.0754460598759794,377,83,0,0,0,0.5951,460,0.5612850310320713,0.042426,0.04242626158522733,394.0,372.0,-0.0234522,0.0697634,0.0493927,-0.0323899,0.0371241,0.5061041,-0.3421648,0.7771241,-0.1511954,0.8111636,0.708002,-0.4642815,0.5321427,697.0,374.0,0.036802,0.0178153,-0.0001605,0.007548,-0.0161365,0.8879495,0.0047503,-0.4591546,0.0264612,0.9674843,-0.0090096,0.4236779,-0.9057681,927.0,373.0,-0.0285563,0.0607633,0.003402,-0.0151946,-0.0587344,0.9018925,-0.0825557,0.3811336,-0.185773,0.9680658,0.0559879,-0.2500628,-0.9666095,-0.006731488406881077,1.0,2.615299618295171e-07,289.7833860536982,0.0,256,2.70308690182933e-15,2.273080728924896e-16,4.775195711318991e-16,9.2960825658868e-13,3.289826923177196e-08,-3.9989851070386306e-17,24.93301752660893,6.101066427511299,7.755802762304097,2.938831512887503,0.9197026574163971,1.2254821564202514,-0.015887011850634042,0.0,0.02689140127891486,2.3202861695006325,0.021397281584297663,2.171851105270672,0.02940116807341822,0.0031172068086976015,0.003723149009844224,0.0007278518273633656,0.6956510099045773,0.500363925913682,621.4869804792417,289.78337405428,0.6091702876907947,0.6091702876916483,0.609170287691728,0.7614628596145603,9.107521800838508e-10,402,0.8839,0.8839,0.00853,-0.020945,451,0.7705,0.7705,0.03222,-0.034834,3,0.526,0.9312,-0.000608,13.816,0.4586,0.9245,0.000185,13.872,0.6812,0.9998,-0.000263,13.906,8.0047,1.726,1.7329,1.7372,0.31536,0.64692,1.44436,0.20201,0.9843,0.98,0.9956,0.5011,3.5213,1.3079,0.1207,0.115,14.2754,4.054,80,0.1714,-0.8487,32,0.2751,-0.9381,-1.0,0.09375,0.0585793,0.2308861,0.0087768,-0.0315515,-0.006967,0.0334824,192.0,180.0,0.0416602,0.0555195,-0.1426146,-0.0407807,-0.018126,0.0073275,0.0452251,184.0,190.0,0.0704398,0.0690963,0.0096284,0.0302585,0.0160684,-0.0008361,0.0342705,177.0,196.0
12,1430,207852,0.0,5.120640085415753e-07,1.0092381996192728e-07,5.120640085415753e-07,0.11545189810742724,9.147919358843097,7.730592154205521,-12.874178440804044,12.425809375738204,-0.11534826746369785,12.874178440804044,0.0005033889426930083,12.566042167114237,8.077881212220765,-1.2372316741348504,1.3396947603551483,-0.00293553860449209,1.3396947603551483,0.05360966582937128,2.40625530882898,1.0809169876606242,0.05,2.32126058736852,0.7505589314890897,0.0,0.2339989299452502,0.08116645082602533,0.0009798839271190074,1.4141863919613795,0.8482322507453482,5.405855346735565e-10,-0.2810789084420137,0,0,0,4.5028690976497194e-05,0.5546346415982316,475,0.5806,-0.07109,0.42460431956615646,-0.03017391578116701,0.42800579616385553,0.07845872086313145,0.02312536072005906,1.626565933930238,5.7855017311697e-05,4.503582679077085e-05,1.2846442806630827,1.917467836816313e-05,0.09152486988006185,383,92,0,0,0,0.5806,475,0.5546346415982316,0.033045,0.033044971687292035,394.0,372.0,-0.0303777,0.0749328,0.004852,-0.046969,-0.0581833,0.0995288,0.2675307,0.2038309,0.9364691,0.8022919,0.0647516,-0.6268143,-0.7764735,697.0,375.0,0.0392322,0.0447732,-0.000543,0.0291262,0.0340002,0.1706363,0.9166464,0.1421131,0.332335,0.9601283,-0.0121271,0.6505274,0.759386,927.0,373.0,0.008948,0.073347,0.019364,-0.0152204,0.0690881,0.6309304,0.5904345,0.0825631,-0.4964849,0.9615154,0.2640047,-0.2075117,0.9419344,-0.0021536252692031586,1.0,5.108522101512834e-07,289.7834920669163,0.0,256,5.737510053083776e-15,3.6793926333345236e-16,7.613666331814141e-16,2.4222622897536943e-12,4.7133681779668144e-08,7.35910106728176e-17,24.424498631525577,6.667634493116876,8.281799705472952,3.1038637107469884,1.1845290780685902,1.5483604404791886,-0.13708269807482307,0.0,0.011891696672981972,1.5459711537837328,0.023802024287815422,1.018499121471863,0.01893115168958326,-0.0033692163588066666,-0.0007900241645017955,0.0023440720258498904,0.6861904387672546,0.501172036012925,621.487211866669,289.7834819442785,0.6091702876904638,0.6091702876915439,0.609170287691728,0.7614628596144298,1.767057270158823e-09,410,0.8598,0.8598,0.0093,0.0159,465,0.7806,0.7806,0.02754,0.001352,3,0.4992,0.9257,-0.000202,13.816,0.4533,0.9215,5.7e-05,13.873,0.6712,0.9999,-0.000141,13.91,8.0057,1.7258,1.7329,1.7375,0.31424,0.64539,1.45076,0.18628,0.9845,0.9806,0.9961,0.5028,3.3991,1.333,0.12,0.1428,14.5628,4.2843,80,0.2149,-0.7763,32,0.2928,-0.8633,-3.0,0.1147723,0.0438067,0.4475092,-0.0091947,-0.0349635,-0.0170014,0.0399504,191.0,181.0,0.0904083,0.0624664,0.1827765,-0.0531133,0.0367717,0.0060754,0.0648852,184.0,191.0,0.0535412,0.0978438,-0.2926483,-0.0002105,0.0206101,-0.0188657,0.0279416,176.0,197.0
13,1471,207903,0.0,8.271219372949378e-07,1.42759413931229e-07,8.271219372949378e-07,0.07539925316589886,9.204936609691245,7.734606569231546,-12.954891061826283,12.462876711108835,-0.1178073063691771,12.954891061826283,0.00011225439356233203,12.566362696671327,8.053531952952136,-1.2372472018329286,1.3460207026571436,-0.0015878695071185063,1.3460207026571436,0.05492003838530886,2.408508957951899,1.0673921685817969,0.05,2.2882964104058665,0.740918257652736,0.0,0.248140716916827,0.08773274593891561,0.0017691345766407407,1.414189410590946,0.9016095372485021,1.5712672787097037e-10,-0.29241117102536945,0,0,0,7.534429907780053e-05,0.5474973438529647,497,0.5497,-0.06777,0.4232227344857685,-0.02924968667138237,0.4290120576438088,0.06965693742930111,0.041057962918131484,1.6359872993663058,9.639488833561247e-05,7.535503724852833e-05,1.2792096169721558,3.19695232902061e-05,0.08785102914029042,395,102,0,0,0,0.5497,497,0.5474973438529647,0.006811,0.006811158252843619,394.0,372.0,-0.0273416,0.0867993,-0.0242328,-0.0002614,0.0833476,-0.4567544,-0.5056372,0.4887946,0.544781,0.8041408,-0.2791818,-0.0030111,0.9602336,697.0,375.0,0.0355878,0.0299204,-0.015705,-0.0178754,0.0181398,0.2478663,0.4439269,0.0311745,-0.8605343,0.9575244,-0.524893,-0.5974317,0.6062695,927.0,373.0,0.015239,0.0272832,0.0170284,-0.0059208,-0.0204781,-0.1234384,-0.9514588,-0.255319,-0.1195884,0.9606615,0.624134,-0.2170122,-0.7505747,-0.005594405594405594,1.0,8.591658438117616e-07,289.7836085099813,0.0,256,1.480617446606863e-14,7.368621716890082e-16,1.6868172794737104e-15,4.743408640700324e-12,6.722315334135534e-08,-1.4755808604304843e-17,25.099738777507632,6.721913164025386,8.552205542067828,3.1401298016697567,0.9899071264713093,1.291258771794778,0.11452705674709168,0.0,0.028329732311731477,0.8447154779209897,0.04508792538630341,1.3240506983434097,0.026403028247392005,-8.136047090275214e-05,0.00848037391881627,-7.104007810452382e-05,0.6822097030672041,0.4999644799609478,621.4874536986634,289.7835947043097,0.6091702876888654,0.6091702876914132,0.609170287691728,0.7614628596142665,2.8542745428322783e-09,416,0.8549,0.8549,0.01279,-0.046452,478,0.7563,0.7563,0.02724,-0.012408,3,0.4699,0.9229,-0.000473,13.814,0.4157,0.9231,-0.000309,13.872,0.6466,1.0,-0.000521,13.91,8.0052,1.7256,1.7329,1.7376,0.31376,0.65273,1.45784,0.16581,0.9842,0.9815,0.9972,0.5051,3.4573,1.2841,0.1185,0.3387,14.6741,4.2444,80,0.1916,-0.4698,32,0.2175,-0.6246,-1.0,0.150868,0.0666331,0.3872846,-0.0674125,-0.0087188,0.0309065,0.0746704,191.0,181.0,0.0943498,0.0916177,0.0146913,-0.0810321,0.031319,-0.0153161,0.0882137,184.0,191.0,0.0533922,0.0498843,0.0339664,-0.0198547,0.0250474,-0.0301624,0.0439472,175.0,198.0
14,1509,207949,0.0,1.1528223812356975e-06,1.958203185497166e-07,1.1528223812356975e-06,0.17345510825213345,9.284412105979587,7.7361689572912695,-13.029697838475055,12.492029661198815,-0.11229306517246898,13.029697838475055,0.00015722920734682986,12.566226227268556,8.02934422327296,-1.2376485028481288,1.3528933456144645,0.0003765512646015669,1.3528933456144645,0.05600726856591542,2.4099418677701556,1.0605011473251624,0.05,2.2746637460940127,0.7466302429212852,0.0,0.26228172014969575,0.09458758646006611,0.003751757763571062,1.4141920176765161,0.9695623432861808,1.866340800009325e-08,-0.303597912752137,0,0,0,0.00010869988822479268,0.5432717927216019,508,0.5625,-0.06231,0.42487777361388657,-0.027740410012556324,0.43028231341397416,0.04975564630246882,0.012097457936874959,1.6447671160672226,0.0001387000084472003,0.00010871620023047182,1.2757988979854393,4.610059856894254e-05,0.08588367675420419,410,98,0,0,0,0.5625,508,0.5432717927216019,0.004304,0.004304286863285434,394.0,372.0,-0.0244823,0.058124,-0.0504186,-0.018871,-0.0219146,0.2277337,0.4648787,0.3359302,0.7868774,0.8067655,-0.8674313,-0.3246679,-0.3770327,517.0,372.0,0.0429461,0.0255752,0.0238051,-0.0093021,-0.0009372,0.5365156,0.2176415,-0.5772967,0.5757706,0.9594783,0.9307889,-0.3637156,-0.036646,927.0,373.0,0.0097992,0.0456986,-0.0056373,0.0273633,0.0361639,0.3069414,-0.7809841,0.4373424,-0.3233922,0.9586951,-0.1233576,0.598779,0.7913574,-0.010197144799456152,1.0,1.2153648000384011e-06,289.7837304335435,0.0,256,2.0523700983593624e-14,1.091667434240098e-15,2.3653156750417654e-15,9.49357740491169e-12,9.252730989974214e-08,4.489122566432701e-16,25.101805659574026,7.386871561265278,9.360376810455707,3.1388591615787576,1.2116321311845972,1.5275278776872818,0.17416417595212094,0.0,0.005487316499069822,1.5418907637861727,0.02963131674141379,1.630865373189008,0.015474559419091217,-0.0023438007511717455,-0.0003645792029552729,-0.0008304494456641499,0.6795746097438488,0.499584775277168,621.4876929349542,289.78370625403113,0.6091702876841298,0.6091702876916435,0.609170287691728,0.7614628596145543,3.97821670561804e-09,418,0.8529,0.8529,0.01422,0.015132,503,0.7003,0.7003,0.02901,-0.01212,3,0.4799,0.9289,-0.000131,13.817,0.394,0.932,-0.000498,13.877,0.5973,1.0,-0.000391,13.909,8.0065,1.7257,1.7332,1.7373,0.313,0.65257,1.45968,0.1914,0.9845,0.9818,0.9973,0.5083,3.4957,1.23,0.1165,0.7768,14.4791,4.142,80,0.1917,0.5576,31,0.1454,0.5512,-2.0,0.0768712,0.0691049,0.053203,0.0190937,-0.0180978,-0.0353169,0.0440384,191.0,181.0,0.042364,0.0684081,-0.2351134,-0.0154916,0.026986,-0.0386903,0.0496505,187.0,185.0,0.1030388,0.0625357,0.2446213,-0.0184279,-0.0258935,0.0650526,0.072401,171.0,202.0
15,1549,208000,0.0,1.3904328516058893e-06,2.5526493354905716e-07,1.3904328516058893e-06,0.18465770988115848,9.295268823896254,7.741771017823248,-12.121947988493977,12.280212875194737,-0.11463514640664571,12.280212875194737,4.053716469124035e-05,12.566202935514498,8.07889418602916,-1.2388284359011938,1.3614185256619142,0.00615444808004565,1.3614185256619142,0.05688885607183729,2.410481786286911,1.0541161913385935,0.05,2.2448152976234996,0.7282734365150133,0.0,0.2764226903355437,0.10156802782482068,0.006845263337260654,1.414190250556206,0.98175599323864,7.734645885682218e-10,-0.3147482850480912,0,0,0,0.00012171143675443245,0.5396841306452818,522,0.534,-0.05797,0.425663842511603,-0.026591427294873498,0.43186405639857617,0.07852436087533439,0.0576767046560641,1.638539791826679,0.00015833124610468307,0.00012172285783122734,1.3007519616752217,5.283103534074342e-05,0.09223575090903044,412,110,0,0,0,0.534,522,0.5396841306452818,-0.144165,-0.14416520486333195,434.0,374.0,-0.0139916,0.0891903,0.0192323,0.0504404,-0.0709985,0.7916441,0.4744801,0.2816228,0.2624058,0.7975204,0.2156319,0.5655369,-0.7960345,517.0,372.0,0.0422814,0.0799609,0.0689511,0.0401527,0.0052198,-0.7566166,-0.2681806,-0.0620444,0.5930944,0.9604364,0.8623104,0.5021546,0.0652797,927.0,373.0,0.0104303,0.0504954,0.0353607,0.0138029,0.0332999,-0.0422235,0.2201774,-0.5544831,0.8014285,0.9572814,0.7002754,0.2733499,0.6594651,-0.01656726308813784,1.0,1.3849461447624736e-06,289.7838926225413,0.0,256,1.8914493515087555e-14,1.4803604857680963e-15,2.9179985088819928e-15,1.1042601637553031e-11,1.217673497456505e-07,5.65493390073571e-16,22.319900884113117,6.014006957213944,7.460688202586774,3.141348063291525,0.8974719168600148,1.2149887473744012,0.018105437629508038,0.0,0.03652710850967944,2.0546292730760345,0.013112702730680754,1.401164962855697,0.04186094602106947,-0.002466747106986253,-0.005006530394688612,0.0019698017778785612,0.6723581163734794,0.5009849008889394,621.4880376083851,289.7838669663757,0.6091702876898271,0.6091702876915694,0.609170287691728,0.7614628596144618,4.798172052025327e-09,429,0.8132,0.8132,0.01418,0.040127,518,0.708,0.708,0.02872,-0.00743,3,0.4343,0.9236,-0.000584,13.823,0.3781,0.9189,-0.000463,13.878,0.5757,0.9999,-0.00026,13.915,8.0089,1.7259,1.7328,1.7374,0.31358,0.65245,1.4604,0.18895,0.9848,0.9823,0.9975,0.51,3.5848,1.1949,0.1163,0.8166,14.8453,4.1412,80,0.2486,0.9977,31,0.2319,0.9972,-2.0,0.0517612,0.1290683,-0.4275142,-0.0230097,-0.0264785,0.026095,0.0437208,191.0,183.0,0.0900621,0.0728129,0.1059048,0.0192039,-0.0085533,0.0012429,0.0210593,187.0,185.0,0.0654751,0.055277,0.0844554,-0.0093754,0.031524,0.0072848,0.0336858,171.0,202.0
16,1597,208060,0.0,1.918794673586188e-06,3.3650214781519905e-07,1.918794673586188e-06,0.24238500633105622,9.308386352865712,7.747905718095191,-12.34237804703454,12.32024620919719,-0.1152775694786259,12.34237804703454,6.793932010019758e-05,12.565668284644477,7.962089450069068,-1.2402527028293302,1.3688846371940535,0.006328657266118014,1.3688846371940535,0.05794388103276049,2.4111717873245992,1.049598090059175,0.05,2.1833318920861347,0.7208541079522665,0.0,0.29056442135933314,0.10839940767792397,0.0058437369369308545,1.414194870058226,0.9829822142010287,3.824359429297831e-09,-0.32554817269955166,0,0,0,0.00016459906707032702,0.5380162890684611,532,0.5293,-0.05592,0.42630361353930724,-0.025555048159430084,0.43372689606550124,0.03689130659269904,0.05838776159705116,1.6329381671063932,0.0002142905377702102,0.00016461393365633278,1.3017764232375864,7.157606207232701e-05,0.09758480649153307,417,115,0,0,0,0.5293,532,0.5380162890684611,0.008403,0.008403183127629221,434.0,375.0,-0.0125063,0.0403103,0.0373759,0.011519,-0.0097609,-0.1819305,-0.1262078,0.9751743,-0.0028387,0.7988105,0.9272044,0.285759,-0.2421441,517.0,373.0,0.0447312,0.0434339,-0.0226572,0.0365252,-0.0062503,0.0895665,0.9907182,-0.102112,-0.0053263,0.9599889,-0.521648,0.840937,-0.1439038,927.0,373.0,0.0284904,0.0520164,0.0508315,-0.0084752,-0.0070737,-0.2651284,-0.5866503,0.6982838,-0.3129665,0.9563096,0.9772206,-0.1629323,-0.1359887,-0.020012911555842477,1.0,1.9470209177671574e-06,289.7840503825773,0.0,256,2.4545689013309002e-14,1.475056052941719e-15,3.3211910077875694e-15,1.726787912907006e-11,1.6587056984074904e-07,7.087635831183474e-17,19.71850713921183,5.5991081324968075,6.832129891108323,3.1344806380112704,1.1896476908900429,1.4979829270345917,0.10306431402177094,0.0,0.021096851776104673,1.0612169633655157,0.011394115451826633,0.4818246117224744,0.023615224263183965,-0.0027033984291381214,0.0012566473917975014,-0.0014523572936596127,0.670917664681799,0.49927382135317033,621.4883801937024,289.78402670508666,0.6091702876889205,0.6091702876913558,0.609170287691728,0.7614628596141948,6.621464596939107e-09,442,0.7797,0.7797,0.01558,0.011501,543,0.6665,0.6665,0.03385,-0.002299,3,0.4127,0.9285,-0.000213,13.826,0.3528,0.9181,-0.000278,13.885,0.5197,0.9996,-0.000478,13.919,8.0118,1.7257,1.7331,1.7373,0.31404,0.65456,1.46407,0.18343,0.9856,0.9823,0.9966,0.5091,3.5762,1.1921,0.116,0.8561,15.282,4.2733,80,0.2584,0.8447,31,0.2912,0.8248,0.0,0.0836735,0.04983,0.2535033,0.0068586,0.0344414,-0.0427575,0.0553304,191.0,184.0,0.0624716,0.0759094,-0.0971076,-0.0049153,-0.0007524,0.0533641,0.0535952,184.0,189.0,0.0772926,0.0812061,-0.0246913,-0.0122162,-0.0462704,-0.0357187,0.0597161,170.0,203.0
17,1620,208086,0.0,2.3524038018879673e-06,4.180355574146437e-07,2.3524038018879673e-06,0.2177816082105104,9.279761400170116,7.753690217843548,-12.41950731872328,12.46022048972767,-0.1079069880942221,12.46022048972767,0.001906929453404367,12.566044625940778,7.9531919998433995,-1.2422984425494148,1.3765557129422956,0.006023060555629701,1.3765557129422956,0.05850908246077445,2.4119648632038926,1.0453697750020503,0.05,2.058960584426289,0.7246449246219393,0.0,0.30470616891600083,0.11609365649878021,0.0032264133347893464,1.4141846766864072,0.9209284408651125,1.76258822979251e-08,-0.3361463980646104,0,0,0,0.00018143542611120966,0.5374419443468974,539,0.5313,-0.05026,0.42697491225762496,-0.024397875464858186,0.4358540357655024,0.018387791060292383,0.049451051070582126,1.6436581961149075,0.00023965600719779752,0.00018144509481928778,1.320818330396231,8.02661533790013e-05,0.09622498217287645,425,114,0,0,0,0.5313,539,0.5374419443468974,-0.07566,-0.07565994246901564,434.0,375.0,0.0056836,0.030012,-0.0118915,-0.0094084,0.0258996,-0.2689493,-0.2570646,0.0875597,0.9240765,0.7914047,-0.3962264,-0.3134879,0.8629774,517.0,373.0,0.0696632,0.0390322,-0.0011712,0.001597,0.0389819,-0.2590034,0.2085385,0.7916525,-0.5125576,0.9575807,-0.0300066,0.0409142,0.998712,927.0,373.0,0.033559,0.0619671,-0.0372001,0.0472463,-0.0149619,0.441402,-0.4169613,-0.7945451,-0.0023636,0.9585797,-0.6003208,0.7624419,-0.2414483,-0.018159048215403883,1.0,2.479314287431614e-06,289.7841739822293,0.0,256,2.6067293556310006e-14,1.8688994850551644e-15,3.602042788533394e-15,2.0581575250921006e-11,2.1072148345851802e-07,-1.1321845870923773e-16,12.552055593688351,5.006860231528639,6.163390666430954,3.116169572731804,1.1482464897458808,1.4513125527455446,-0.21320453934630276,0.0,0.035726289705720435,2.3423490775863796,0.015198154544736501,1.5112932526272351,0.029936210895872055,0.0002676049060293139,0.0018297393944752532,-0.0019625163372217155,0.6631566841316546,0.4990187418313893,621.4886491197065,289.7841520983568,0.6091702876870164,0.6091702876914422,0.609170287691728,0.7614628596143027,8.117779336288648e-09,453,0.7632,0.7632,0.01641,0.006514,548,0.6865,0.6865,0.03383,0.005997,3,0.4055,0.9143,0.000186,13.827,0.3648,0.9118,-4.7e-05,13.885,0.524,1.0,0.000182,13.916,8.0114,1.7259,1.7331,1.7371,0.31456,0.65725,1.47133,0.16025,0.986,0.9825,0.9964,0.5093,3.5989,1.1996,0.1167,0.6948,15.7467,4.3754,80,0.1828,0.4244,31,0.1452,0.7744,2.0,0.0619805,0.0542631,0.0663896,-0.0259015,0.0409091,0.0123726,0.0499752,191.0,184.0,0.0519298,0.0672803,-0.1287693,-0.0418244,0.013339,-0.0071416,0.044477,184.0,189.0,0.0602298,0.0700422,-0.0753223,-0.0138898,-0.0132765,0.0044232,0.0197169,168.0,205.0
18,1653,208125,0.0,2.573416740152186e-06,5.152427079638293e-07,2.573416740152186e-06,0.262027410391383,9.310397571302188,7.756069180307031,-12.145417602354831,12.438902675545352,-0.09373051969678842,12.438902675545352,6.889056007808124e-05,12.566308622066051,7.962236507965318,-1.2441136765996046,1.384302928952665,0.00717563386390474,1.384302928952665,0.059581558455479466,2.4118458302413077,1.0429605509276414,0.05058860415220279,1.8113863053626422,0.7210591182769605,0.0,0.31884685484187936,0.12287340053934975,0.004392381894870012,1.4141918777688471,0.9049003355398234,1.783926711922086e-07,-0.3466874696199496,0,0,0,0.00022846288811490608,0.5377080267381013,548,0.5147,-0.04844,0.42687584614868695,-0.02380935266912421,0.43646403284607543,0.05942155319181937,0.04484185664563094,1.6530707903587494,0.00030375852921317323,0.0002284700893567284,1.3295330258259366,0.00010201201856032248,0.10287193592165589,426,122,2,2,0,0.5147,548,0.5377080267381013,0.007033,0.0070332723304398215,434.0,376.0,0.0133448,0.0868395,-0.007574,0.0426955,-0.0752384,0.8743926,-0.474475,-0.0834437,-0.0578632,0.7867152,-0.0872185,0.4916605,-0.866408,517.0,373.0,0.0758865,0.0386157,0.0139555,0.0019381,0.0359536,0.5845817,-0.608494,0.5342283,-0.0509847,0.9544235,0.3613946,0.0501897,0.9310612,927.0,374.0,0.0302182,0.078884,-0.0557648,0.0430655,-0.035473,-0.6325513,-0.2033746,-0.5942937,0.4531365,0.95583,-0.7069212,0.545935,-0.4496859,-0.018518518518518517,1.0,3.245779448614498e-06,289.7842861011086,0.0,256,2.054549757177774e-14,1.5723868698497343e-15,3.229877205530625e-15,3.598685897129101e-11,2.63321554953403e-07,-4.205917148401296e-17,20.794457867281373,6.258878402529492,7.757772256044263,3.1116977455851442,0.8809278877586673,1.1674468857738713,-0.08332718530867764,0.0,0.032046917722202146,1.3090994963096532,0.0627187298299954,0.5294460759283922,0.0477819539669735,0.005607821336778863,0.004974089178468585,-0.0005702054236594421,0.6823457078465813,0.4997148972881704,621.4888636385227,289.7842521229564,0.6091702876835681,0.6091702876906755,0.609170287691728,0.7614628596133444,8.880457517271425e-09,459,0.7598,0.7598,0.01322,-0.005342,566,0.6456,0.6456,0.03257,-0.004762,3,0.3911,0.9054,-7.1e-05,13.825,0.3323,0.9169,-0.00012,13.878,0.4905,0.9996,0.000155,13.912,8.0088,1.7262,1.7329,1.737,0.31346,0.66088,1.48178,0.18748,0.9864,0.9825,0.996,0.5094,3.6721,1.1596,0.116,0.8835,15.8372,4.3128,80,0.1323,-0.7928,31,0.1121,-0.909,3.0,0.1980788,0.1012204,0.3236173,-0.1015495,0.0674566,-0.052229,0.1326294,191.0,185.0,0.0501663,0.091665,-0.2925917,-0.0472541,0.0338824,-0.0131234,0.0596086,183.0,190.0,0.1705761,0.0201226,0.7889594,-0.0706195,0.0556918,-0.0363271,0.0969967,167.0,207.0
19,1677,208153,0.0,3.343152499782226e-06,6.314848957434105e-07,3.343152499782226e-06,0.3076664004802101,9.320920869336774,7.7579491153815185,-12.678946876501852,12.421764327581593,-0.09838951236300064,12.678946876501852,0.001617882450745928,12.566321240565394,7.977186292744929,-1.245616255140261,1.392002561199209,0.008235138500959345,1.392002561199209,0.06053999224236354,2.4110147717160273,1.0422804565091655,0.051281672816351764,1.4940034291587236,0.7168143328783418,0.0,0.3329882882423004,0.13044062773479911,4.1809789513069795e-05,1.414197093075009,0.9157244881648762,4.059114675535737e-08,-0.3570079765606223,0,0,0,0.00028021027472241054,0.5398156841509615,551,0.5258,-0.04569,0.4259791792047692,-0.02179368134129023,0.43908082186131125,0.02495983559675688,0.044111907415633374,1.6590004776043488,0.00037384299954336256,0.00028021634914220735,1.334122725842954,0.00012593065392007343,0.10673681335406271,431,120,2,2,0,0.5258,551,0.5398156841509615,-0.005257,-0.005257124496688803,434.0,376.0,0.0300253,0.0372255,0.0203528,-0.0306802,0.0054981,0.4715639,-0.0320296,-0.6727678,-0.5691968,0.7856008,0.546744,-0.8241702,0.1476972,517.0,373.0,0.0973777,0.0497021,0.0208619,-0.0332247,0.0305155,-0.704375,-0.4937722,-0.5023866,0.0874789,0.9518289,0.4197394,-0.668477,0.6139685,927.0,374.0,0.0315769,0.0275929,0.0137179,-0.0222876,-0.0087437,0.6241328,-0.5016828,0.2515769,0.5435823,0.9539206,0.4971521,-0.8077283,-0.316883,-0.018753781004234724,1.0,3.4344324088095707e-06,289.7843852162739,0.0,256,2.0106273917843703e-14,2.571643401587473e-15,3.8613464209697855e-15,4.3282666093531185e-11,3.2825992057246047e-07,2.3832627902712166e-16,20.312338885819177,5.3576217339479415,6.568712667086681,3.0686187764772583,1.1712528802556377,1.5215830709989506,0.018304170317347185,0.0,0.015414899184760586,2.9940490863338476,0.006246886847573232,1.0502052273004252,0.025829614095020867,0.004106675120654636,0.00041763379489958674,-0.0023166620540656935,0.6682009946632739,0.4988416689729673,621.4890944817439,289.7843597592056,0.6091702876869386,0.6091702876912343,0.609170287691728,0.7614628596140428,1.153669060179851e-08,465,0.7431,0.7431,0.01438,0.004146,581,0.6335,0.6335,0.0326,-0.00634,3,0.3908,0.9052,-0.000311,13.827,0.3333,0.9226,-2.5e-05,13.874,0.4709,0.9991,0.000228,13.914,8.0087,1.7265,1.7323,1.7373,0.31348,0.66706,1.48018,0.18552,0.9869,0.9824,0.9955,0.5092,3.4718,1.2215,0.1157,1.171,15.8373,4.5617,80,0.1979,-0.9716,31,0.2863,-0.8355,-0.0,0.0468396,0.1082602,-0.3960072,-0.0065431,0.0699363,0.0189133,0.0727434,191.0,185.0,0.0994305,0.0747693,0.1415689,-0.0001446,-0.0733383,-0.0195276,0.0758937,182.0,191.0,0.0334264,0.0301938,0.0508112,-0.0036349,0.0001867,-0.0157284,0.016144,167.0,207.0
20,1707,208190,0.0,3.9252918370125525e-06,7.247342064074265e-07,3.9252918370125525e-06,0.3141490874061921,9.281341644548922,7.763406336386374,-12.754957805129774,12.407558845209445,-0.09876689408635095,12.754957805129774,0.0008252514298688896,12.566080797574735,7.939336101510549,-1.2458890551445967,1.396931934186236,0.00944282761760467,1.396931934186236,0.06142273638215173,2.4097686709793904,1.0413786581283035,0.06514123485742052,1.4651354781338561,0.7200920519498955,0.0,0.3471299181156159,0.13649423263469837,0.003929135567494857,1.4141932241467183,0.9292217090885077,8.67800541662834e-08,-0.3670922088698187,0,0,0,0.0003536429116171385,0.5412633725206856,555,0.5201,-0.04517,0.4269035318959217,-0.02187359194660318,0.4414709292581581,0.034216183111716,0.04254803632897131,1.6723032371300193,0.00047489551765919613,0.0003536473302840791,1.3428505660645602,0.00016082828714037844,0.1051743907326135,434,121,7,7,0,0.5201,555,0.5412633725206856,0.002937,0.002937227512683549,434.0,376.0,0.0334484,0.0260256,0.0054626,0.0152426,0.0203753,-0.341198,0.1867771,0.8677457,0.3093794,0.7823596,0.2098925,0.5856783,0.7828959,517.0,374.0,0.087389,0.029318,-0.005595,-0.0046807,0.028396,0.4028758,0.3242796,0.7948413,-0.3174289,0.9484816,-0.1908394,-0.1596529,0.9685511,927.0,374.0,0.0436283,0.0457192,0.0368184,0.0203466,-0.0179072,0.3507869,0.2059361,-0.1795877,-0.8957048,0.9525859,0.805315,0.4450344,-0.3916786,-0.018485390578413835,1.0,4.375511216083968e-06,289.7844608221051,0.0,256,9.090129823807628e-14,5.808453063225351e-15,1.1765032351461298e-14,8.058399631518328e-11,3.849850024882566e-07,-3.609478895861107e-16,16.595591774509625,5.212947421664519,6.432036776344357,3.1184731085183874,1.189343410948536,1.5274196302277232,0.06990417081339893,0.0,0.021089109610486396,1.9291976063528293,0.0069519833100291474,2.445097803541336,0.020183003309005947,-0.0017964016645122293,-0.0018347049759198206,-0.0016573645080045036,0.6581162578480891,0.4991713177459979,621.4892384482969,289.7844268871017,0.6091702876827513,0.6091702876909025,0.609170287691728,0.7614628596136281,1.35455582592153e-08,480,0.7028,0.7028,0.0115,0.041098,592,0.6205,0.6205,0.03204,-0.007308,3,0.3656,0.9078,0.000204,13.822,0.3228,0.916,-0.000288,13.875,0.4361,0.9998,-0.000412,13.906,8.0064,1.7263,1.733,1.7368,0.31401,0.67299,1.48525,0.17183,0.9874,0.9826,0.9952,0.5126,3.5035,1.2327,0.1168,0.862,16.5444,4.7222,80,0.2247,-0.6865,31,0.2949,-0.7552,-1.0,0.0508442,0.104286,-0.3444962,0.0046157,-0.0295453,-0.0699215,0.0760477,191.0,185.0,0.0628558,0.0389337,0.2350155,0.0217079,-0.0273769,0.0297782,0.0459072,182.0,192.0,0.0559399,0.0706315,-0.1160736,-0.0258132,0.001704,-0.0350166,0.0435361,167.0,207.0
21,1729,208216,0.0,4.678725699121247e-06,8.671706645768284e-07,4.678725699121247e-06,0.2928006582809306,9.273051354963284,7.768146960575859,-12.75503982889037,12.388768520529498,-0.10475178017659817,12.75503982889037,0.00016027925919591575,12.565933117508244,7.8928617041517475,-1.24642767688668,1.4049268490968647,0.009792566772709043,1.4049268490968647,0.0623124219265337,2.407948666831632,1.043571653101881,0.05,1.516500008649761,0.735795177612675,0.0,0.36127120431692206,0.14413288944254082,0.00038868533041780395,1.4141856953165186,0.9512747382393465,9.923421913190955e-08,-0.37707397071875975,0,0,0,0.00042621555160520045,0.5410009625932453,564,0.5024,-0.04451,0.42763472987405576,-0.021565306052805138,0.4441682851943492,0.0277631863571444,0.04318792738519767,1.6743766615738107,0.0005790240274277601,0.0004262181594512338,1.3585156206700988,0.00019728868485980783,0.11160282823468202,434,130,6,6,0,0.5024,564,0.5410009625932453,0.018944,0.018943675354025302,434.0,376.0,0.033886,0.0156919,0.0036197,-0.0152632,-0.0004087,0.4963185,0.5564478,0.5561161,0.3671085,0.7776796,0.2306709,-0.9726831,-0.0260474,517.0,374.0,0.0961054,0.0679396,0.0089233,-0.053457,0.0409696,-0.3562305,0.1464232,0.8857773,0.2589568,0.946647,0.1313424,-0.7868317,0.6030299,927.0,374.0,0.0397568,0.0519156,-0.0457626,-0.0237945,-0.0059015,0.5402223,-0.6176625,0.2302706,0.523095,0.9523311,-0.8814818,-0.4583316,-0.1136745,-0.025190392501464556,1.0,5.095156661952901e-06,289.7845186377476,0.0,256,1.3189945023597895e-13,8.854750963224172e-15,1.8782782859893823e-14,8.87359358496879e-11,4.6384667356912553e-07,2.038932398807415e-15,17.34984802061217,5.3357021597871155,6.702866200375155,3.13806524997385,1.2514859096895021,1.5430880595926009,-0.025172321366548456,0.0,0.0196084592854146,2.4537439663294998,0.009586018236250273,0.32473106582650707,0.013256948683610182,-0.0017770151266118363,-0.0038560560273097973,-0.0018958662765184591,0.6632746380278908,0.4990520668617409,621.4893774932744,289.78449172019396,0.6091702876667677,0.6091702876911432,0.609170287691728,0.761462859613929,1.614553515734329e-08,488,0.7037,0.7037,0.00877,0.016921,597,0.6295,0.6295,0.0357,-0.002106,3,0.3539,0.89,0.000478,13.826,0.3164,0.9094,-3.8e-05,13.874,0.4433,0.999,0.000578,13.901,8.0062,1.727,1.7329,1.7363,0.31461,0.67707,1.48757,0.16164,0.9877,0.9827,0.9949,0.5107,3.5101,1.235,0.117,0.7104,16.9328,4.824,80,0.171,0.0178,31,0.1061,-0.6227,1.0,0.0279251,0.0590063,-0.3575368,-0.0165796,0.0360426,-0.0148823,0.0423725,191.0,185.0,0.1177105,0.0493226,0.4094275,-0.0230903,-0.0635092,0.0116154,0.0685675,182.0,192.0,0.0688555,0.0521073,0.1384576,-0.0156364,-0.0047176,0.029199,0.0334564,167.0,207.0
22,1751,208244,0.0,5.307614634823459e-06,9.95611247934361e-07,5.307614634823459e-06,0.2824432430162836,9.232218066186967,7.77346872938506,-12.434174462402748,12.392327752593893,-0.10487624951435034,12.434174462402748,0.0018116544554207738,12.566050828943528,7.900031095452307,-1.2483192339443847,1.4129798479999238,0.011532384111080662,1.4129798479999238,0.06338285125563693,2.4053700890194913,1.04708000904641,0.05,1.5157660799892376,0.7305223790148123,0.0,0.3754130515634479,0.1515182847231631,0.00033052637621011627,1.4141756703761812,0.960021132324277,2.4657438682549766e-07,-0.3869859167396293,0,0,0,0.0004735181450311722,0.5436232772200535,568,0.4935,-0.04524,0.42832413451168005,-0.021519847839632806,0.4466630421201539,0.0416668775020411,0.03784856010646225,1.6753926008126905,0.0006506035693544419,0.0004735181881400409,1.3739779920809057,0.00022322678330852095,0.1185827253556691,432,136,7,7,0,0.4935,568,0.5436232772200535,-0.087468,-0.08746802792558905,434.0,376.0,0.042559,0.0570619,0.0433816,-0.0234672,-0.0286947,0.7619051,-0.1095577,0.4079842,0.4909651,0.7721894,0.760255,-0.411259,-0.5028702,517.0,374.0,0.0970972,0.0688329,-0.062199,0.0244396,-0.0164912,0.1636275,0.1797257,-0.7959614,0.5544097,0.9459705,-0.9036228,0.3550572,-0.2395835,938.0,373.0,0.1299466,0.0643678,0.0581468,-0.0228258,0.0155289,-0.4311703,0.5819945,-0.6752362,-0.1393939,0.9529738,0.9033523,-0.3546151,0.2412524,-0.021399652978600348,1.0,5.75612765456484e-06,289.78467885723757,0.0,256,1.9317587681448467e-13,1.1153798395823145e-14,2.4286943601993465e-14,1.0799588208498886e-10,5.480008837753253e-07,9.387192411430491e-16,24.048531742925995,5.493712236176839,6.887466041124647,3.1089923876634304,1.0707686091861515,1.3790889498736827,0.06170129602983665,0.0,0.029073979360585877,1.4800905609759403,0.025108160974950354,1.9497678714854607,0.023443090400981144,0.00036549831887233437,0.0023706466737664494,0.00012764632651245656,0.6565950736812385,0.5000638231632563,621.4896757802376,289.7846308037232,0.6091702876658571,0.6091702876908144,0.609170287691728,0.7614628596135179,1.8315721645080656e-08,501,0.6681,0.6681,0.00863,0.045891,602,0.6239,0.6239,0.03491,0.025782,3,0.3297,0.9082,-4.9e-05,13.826,0.3079,0.9159,-0.000348,13.878,0.4168,0.9998,-0.000459,13.9,8.0067,1.7268,1.7333,1.736,0.31527,0.67097,1.49112,0.18356,0.9879,0.9831,0.9951,0.5117,3.5426,1.2465,0.1181,0.5061,17.4832,4.9351,80,0.1623,0.7622,31,0.1314,0.8413,2.0,0.0576478,0.0903956,-0.2212036,0.0142443,0.0146729,0.0433259,0.0479096,191.0,185.0,0.1085477,0.0769433,0.170382,-0.0564448,-0.032817,0.0224316,0.0690372,181.0,193.0,0.0936677,0.0492471,0.3108189,0.0464136,0.0065651,-0.0133575,0.0487416,187.0,186.0
23,1769,208268,0.0,5.85802526427023e-06,1.1730221262395723e-06,5.85802526427023e-06,0.3106880704613789,9.21117574651997,7.7747144159849535,-12.378216288126419,12.410785394063977,-0.09169816420037147,12.410785394063977,0.00013976214078015173,12.56636234118445,7.900286242869526,-1.2509485284990316,1.4210154006599425,0.011712749549781703,1.4210154006599425,0.06434776046213518,2.4023262743025486,1.0509605340188786,0.051495291504767615,1.51396493773519,0.7284994992037124,0.0,0.3895541286351195,0.16021479236256572,0.0031553728557403016,1.4141782411292374,0.9541777133149313,2.196361467976527e-07,-0.39674068853722855,0,0,0,0.000535347028999829,0.5453536014801962,568,0.4969,-0.04483,0.4290031666181611,-0.020894658345924255,0.4488656315972325,0.04777272520153105,0.04931392506355866,1.678545476533539,0.0007438335870527447,0.0005353472902409797,1.3894412106166028,0.00025673386744573144,0.1187244411689639,436,132,10,10,0,0.4969,568,0.5453536014801962,0.002809,0.002809145782832978,434.0,376.0,0.0515665,0.0534275,-0.022012,-0.0376565,0.0308538,0.5593426,-0.4504323,-0.4384323,0.5403922,0.7684344,-0.4119983,-0.7048148,0.577489,517.0,375.0,0.0972757,0.0780774,-0.0181606,0.0758309,-0.0039927,0.8005196,0.1400377,-0.4080297,-0.4160163,0.9454709,-0.2325972,0.9712278,-0.0511382,938.0,373.0,0.1347531,0.054467,0.0496668,0.0103447,-0.0198204,0.6293825,-0.0940017,-0.6448488,-0.4233337,0.9473754,0.9118702,0.1899262,-0.3638968,-0.023415191319246145,1.0,6.25132185978576e-06,289.7848953224909,0.0,256,1.168894671656321e-13,6.2606248649328524e-15,1.3635140778178509e-14,1.346936924153499e-10,6.520020040625203e-07,-5.58878481908553e-16,24.710322468702966,7.27953530811847,9.127296946745656,3.1358298290650155,1.0672871320454997,1.393066916021497,-0.1624007457184192,0.0,0.015130379978482687,1.490631472583406,0.013828949244412561,0.793805087716946,0.01327755439426675,0.001334141409213674,0.005830987150847691,0.0014060400932927816,0.6555013096176223,0.5007030200466465,621.4901577337694,289.78485552624346,0.6091702876670092,0.6091702876900793,0.609170287691728,0.7614628596125991,2.0215084234240516e-08,510,0.6675,0.6675,0.00866,-0.006466,611,0.5996,0.5996,0.03498,-0.003579,3,0.3317,0.919,-4.6e-05,13.831,0.2979,0.9239,-3.9e-05,13.878,0.4003,0.9999,0.000257,13.902,8.0079,1.7271,1.733,1.736,0.315,0.66782,1.49474,0.18537,0.9883,0.983,0.9947,0.5127,3.4646,1.3198,0.099,0.4384,17.84,5.1492,80,0.1713,0.9898,31,0.2974,0.7916,0.0,0.0926245,0.0208613,0.6323534,-0.0095199,-0.0416727,0.0160454,0.0456585,191.0,185.0,0.0813365,0.0986568,-0.0962277,-0.007844,0.0004604,0.0423162,0.0430395,181.0,194.0,0.0270939,0.1182422,-0.6271553,-0.0486955,-0.0161566,-0.0103546,0.0523403,187.0,186.0
