# RUN_PARAMS {"alfanat":0.0,"batch":true,"bussola":1,"calore_scal":false,"calore_vett":false,"chi_basc":false,"chi_core":false,"chi_da_spinore":false,"coppia":1.0,"costanti_effettive":{"CS_M":2.0,"GAMMA":0.05,"K_C":2.0,"LAM":0.8,"PHI_CRIT":6.283185307179586,"SCALA_B":1.0},"cs_dinamico":false,"csv":"csv/deparam_pilota_k2/cond_on.csv","da_libera":false,"db_cleanup":false,"db_ogni":200,"denoise":false,"deparam_orologio":true,"diaglog":"csv/deparam_pilota_k2/on.csv","diffres":0.0,"dpi":100,"dt":null,"elast_c":null,"fps":20,"frames":0,"gamma":0.05,"giri":1.0,"guscio_morbido":false,"ham":0.0,"kfrange":0.0,"kuramoto_su2":true,"lam":0.8,"leggi_attive":{"CHI_BASC":false,"CHI_CORE":false,"CS_DINAMICO":false,"LS_AZIM":false,"OLON_PART":false,"PAV_COM":false,"PLAST_DIN":false,"POLO_MATURO":false,"REGIME":"deterministico","SPINORE":true,"SPINORE_VIVO":true,"SPIN_FEEDBACK":false,"SPIN_LARMOR":false,"SYNC_UPDATE":true,"TAU_USA_D0":false,"VERLET":false,"VERSO_CHI":false,"VIRIALE":false,"ZETA_LOC":false,"ZETA_VIR":false},"ls_azim":false,"maxnodi":4000000,"mitmax":0,"mupsi":-0.05,"nmasse":2,"nmasse_effettive":2,"nodi":900,"ogni":10,"ogni_effettivo":10,"olon_part":false,"out":null,"passi":800,"passi_effettivi":800,"passi_per_frame":null,"pav_com":false,"plam":1.0,"plast_din":false,"plastmit":0.0,"polo_maturo":false,"regime":null,"scala":1.0,"scuotimento":false,"seed":1,"seed_effettivo":1,"sep":6.0,"sep_effettivo":6.0,"size":null,"solo_materia":false,"spin_feedback":false,"spin_larmor":false,"spin_positivi":false,"spinore_corretto":true,"spinore_vivo":true,"sync":true,"sync_db":"csv/deparam_pilota_k2/db_on.pkl","sync_fase_orologio":false,"sync_spinore":false,"tau_d0":false,"tauloc":1.0,"tempo_proprio_orientato":false,"test":null,"tw_spinore":false,"verlet":false,"verso_chi":false,"viriale":false,"vista_rete":false,"zeta":0.75,"zeta_loc":false,"zeta_vir":false}
passo,n_tot,ord_centrale,dens_centrale,n_centrali,frac_nati_centrali,dist_masse,dens_picco_centrale,ord_masse,antiguscio_raggio,antiguscio_coerenza_min,antiguscio_nodi,antiguscio_tau,picchi_totali,picchi_nuovi,raggio_picco_nuovo
0,824,0.5147836468978455,0.00000,9,0.000,12.038,0.00000,0.998737637503049,8.25,0.33843,6,0.000,1,1,1.72,744,0,80
10,906,0.4760963003389921,0.00000,8,0.000,12.038,0.00000,0.882172594108139,8.25,0.36764,6,1.414,1,0,0.00,810,16,80
20,1196,0.9705869996008782,0.00000,5,0.000,12.038,0.00000,0.6240446357637566,5.25,0.25448,6,1.414,1,0,0.00,1029,87,80
30,1346,,0.00000,4,0.000,12.038,0.00000,0.5190851216241557,8.25,0.28034,6,1.412,1,0,0.00,1146,120,80
40,1462,,0.00000,4,0.000,12.038,0.00000,0.4467311412335176,8.25,0.23848,10,1.414,1,0,0.00,1234,148,80
50,1528,,0.00000,4,0.000,12.038,0.00000,0.3897208075835363,8.25,0.32590,10,1.411,1,0,0.00,1283,165,80
60,1585,,0.00000,4,0.000,12.038,0.00000,0.3459228509204194,5.25,0.28751,7,1.414,1,0,0.00,1326,179,80
70,1624,,0.00000,4,0.000,12.038,0.00000,0.30262565491816057,11.25,0.25151,43,0.915,1,0,0.00,1358,186,80
80,1655,0.9119554056799404,0.00000,5,0.000,12.038,0.00000,0.2610944038111579,5.25,0.16303,4,1.412,1,0,0.00,1384,191,80
90,1677,0.8661564272130557,0.00000,5,0.000,12.038,0.00000,0.2444823235663693,5.25,0.05717,8,1.414,1,0,0.00,1399,198,80
100,1690,0.7542439137715815,0.00000,5,0.000,12.038,0.00000,0.2293270381140612,11.25,0.15461,52,0.763,1,0,0.00,1409,201,80
110,1702,0.951723114264884,0.00000,5,0.000,12.038,0.00000,0.23876194604541007,11.25,0.17803,53,1.180,1,0,0.00,1419,203,80
120,1709,0.6662187664706863,0.00000,5,0.000,12.038,0.00000,0.2283084193027734,8.75,0.13723,7,1.414,1,0,0.00,1425,204,80
130,1714,0.7884924344903663,0.00000,5,0.000,12.038,0.00000,0.23121504562003167,11.25,0.18536,54,0.739,1,0,0.00,1429,205,80
140,1718,0.4777895422204787,0.00000,5,0.000,12.038,0.00000,0.22287917724009973,11.25,0.18481,54,0.756,1,0,0.00,1433,205,80
150,1723,0.6500932654573479,0.00000,5,0.000,12.038,0.00000,0.2100960748348391,11.25,0.17753,54,0.811,2,0,0.00,1437,206,80
160,1727,0.9635483683259286,0.00000,5,0.000,12.038,0.00000,0.21358399699692035,12.25,0.19465,540,1.038,2,0,0.00,1440,207,80
170,1737,0.35064886392123745,0.00000,5,0.000,12.038,0.00000,0.2170261145022867,12.25,0.16062,543,1.039,2,0,0.00,1449,208,80
180,1750,0.05328110333205205,0.00000,5,0.000,12.038,0.00000,0.20594828480015293,6.75,0.05328,11,1.306,2,0,0.00,1459,211,80
190,1756,0.2994343335754844,0.00000,5,0.000,12.037,0.00000,0.1950499126626889,6.75,0.29943,11,1.412,2,0,0.00,1464,212,80
200,1761,0.5299584000063552,0.00000,5,0.000,12.037,0.00001,0.18378534397821034,11.25,0.16978,51,0.442,2,0,0.00,1468,213,80
210,1771,0.4809753344793376,0.00000,6,0.000,12.037,0.00000,0.16047850679849582,12.75,0.04988,95,0.987,1,0,0.00,1475,216,80
220,1783,0.38755364960903127,0.00000,6,0.000,12.037,0.00001,0.09477958518876006,11.75,0.06011,249,1.274,1,0,0.00,1483,220,80
230,1796,0.7663558567076834,0.00001,6,0.000,12.037,0.00002,0.16879011981254247,12.25,0.14512,280,1.115,1,0,0.00,1492,224,80
240,1806,0.8131631800504757,0.00000,6,0.000,12.037,0.00001,0.22597924247831183,12.75,0.15378,99,0.910,1,0,0.00,1498,228,80
250,1818,0.42341119695196316,0.00000,6,0.000,12.037,0.00001,0.2702101261615761,12.75,0.17438,99,0.875,2,0,0.00,1507,231,80
260,1822,0.38970570931473314,0.00001,6,0.000,12.037,0.00001,0.29950983190220526,6.25,0.15841,9,1.404,2,0,0.00,1511,231,80
270,1835,0.30232893906113134,0.00000,6,0.000,12.037,0.00001,0.31256110923882285,12.75,0.22204,104,0.972,2,0,0.00,1518,237,80
280,1841,0.6921502566700221,0.00001,6,0.000,12.037,0.00002,0.33742699190882847,7.25,0.17285,9,1.413,2,0,0.00,1523,238,80
290,1851,0.3621583504094048,0.00001,6,0.000,12.037,0.00002,0.3443979863678577,12.75,0.18582,109,1.070,2,0,0.00,1530,241,80
300,1856,0.6750892827250661,0.00002,6,0.000,12.037,0.00003,0.3588118645760526,12.75,0.15649,108,1.064,2,0,0.00,1534,242,80
310,1862,0.3074273695350866,0.00002,6,0.000,12.037,0.00004,0.3684051373643548,12.75,0.12463,106,1.077,1,0,0.00,1539,243,80
320,1866,0.6057852527322654,0.00001,6,0.000,12.037,0.00002,0.3744444891834272,12.75,0.07256,107,0.958,1,0,0.00,1543,243,80
330,1873,0.562259737309505,0.00001,6,0.000,12.037,0.00003,0.36704631785899083,12.75,0.05174,108,1.227,1,0,0.00,1547,246,80
340,1883,0.6145083542177445,0.00001,6,0.000,12.037,0.00002,0.3755903223267438,12.75,0.03278,114,1.234,1,0,0.00,1554,249,80
350,1887,0.6006583434398414,0.00001,7,0.000,12.037,0.00003,0.38071467213895316,12.75,0.08638,115,1.221,2,0,0.00,1557,250,80
360,1892,0.7312177801191109,0.00002,7,0.000,12.037,0.00004,0.39976212253643295,12.75,0.12308,117,1.170,2,0,0.00,1561,251,80
370,1902,0.9580965868489926,0.00009,7,0.000,12.036,0.00017,0.3960531105441121,12.75,0.13942,117,1.150,2,0,0.00,1569,253,80
380,1912,0.8068647922025436,0.00004,8,0.000,12.036,0.00010,0.3892835144709653,11.75,0.15551,370,1.070,2,0,0.00,1576,256,80
390,1917,0.466708925466175,0.00002,8,0.000,12.036,0.00007,0.38241478488205205,5.25,0.21709,11,1.411,2,0,0.00,1579,258,80
400,1931,0.8885207529571618,0.00003,8,0.000,12.036,0.00010,0.36765258053423966,11.25,0.19322,73,0.985,1,0,0.00,1588,263,80
410,1942,0.7957671760274332,0.00003,8,0.000,12.036,0.00007,0.3713966811892054,11.25,0.22356,75,1.012,1,0,0.00,1594,268,80
420,1951,0.2855352362928309,0.00003,8,0.000,12.036,0.00010,0.364757076381312,12.75,0.23762,129,0.954,1,0,0.00,1602,269,80
430,1960,0.5921390381698881,0.00002,8,0.000,12.036,0.00004,0.38718670091921864,7.75,0.08327,7,1.401,1,0,0.00,1608,272,80
440,1973,0.7724992818724409,0.00004,9,0.000,12.036,0.00009,0.4008140070802844,11.75,0.27706,390,1.016,1,0,0.00,1616,277,80
450,1979,0.8245019030123273,0.00002,9,0.000,12.036,0.00009,0.40691912632107774,7.75,0.14374,6,1.412,1,0,0.00,1619,280,80
460,1989,0.3337324898301684,0.00006,10,0.000,12.036,0.00014,0.40162286722055784,12.75,0.27082,134,0.516,1,0,0.00,1626,283,80
470,1998,0.23595912343597514,0.00007,10,0.000,12.036,0.00017,0.3583169216232537,6.25,0.23262,9,1.412,1,0,0.00,1633,285,80
480,2009,0.3843462758150795,0.00007,10,0.000,12.036,0.00017,0.3111169441972415,6.75,0.16344,8,1.413,1,0,0.00,1642,287,80
490,2017,0.36402181814537915,0.00006,9,0.000,12.036,0.00013,0.2558785207605357,12.75,0.21494,137,0.345,1,0,0.00,1647,290,80
500,2020,0.7670425510113575,0.00019,9,0.000,12.036,0.00049,0.16954064753136486,11.25,0.14639,64,1.355,1,0,0.00,1649,291,80
510,2032,0.2757426350105533,0.00010,10,0.000,12.036,0.00020,0.10821670147084053,11.25,0.06976,68,1.395,1,0,0.00,1657,295,80
520,2044,0.678830936452291,0.00018,10,0.000,12.036,0.00081,0.1763103290808024,11.25,0.14468,69,1.207,1,0,0.00,1665,299,80
530,2061,0.5856015831880792,0.00029,10,0.000,12.035,0.00077,0.14219661656450439,7.75,0.13368,6,1.413,1,0,0.00,1677,304,80
540,2068,0.341309731161774,0.00022,10,0.000,12.035,0.00046,0.13618215147870588,11.25,0.10603,73,1.361,1,0,0.00,1683,305,80
550,2085,0.2820918667834874,0.00025,10,0.000,12.035,0.00060,0.17296076944744118,11.25,0.13866,77,1.032,1,0,0.00,1693,312,80
560,2096,0.33254849889268157,0.00005,10,0.000,12.035,0.00013,0.2171290087673031,11.25,0.17171,92,0.897,2,0,0.00,1700,316,80
570,2107,0.35109293907275957,0.00014,11,0.000,12.035,0.00039,0.25203610172384516,12.75,0.16876,142,0.663,2,0,0.00,1708,319,80
580,2109,0.7338836429975425,0.00006,11,0.000,12.035,0.00016,0.28860315707599465,12.75,0.17010,143,0.996,2,0,0.00,1709,320,80
590,2118,0.5686392666885101,0.00024,11,0.000,12.035,0.00061,0.2983034636742291,8.25,0.08057,8,1.413,2,0,0.00,1714,322,82
600,2120,0.7255024715421854,0.00016,11,0.000,12.035,0.00047,0.31459889472944225,11.25,0.18034,98,0.979,2,0,0.00,1716,322,82
610,2121,0.5651526216001681,0.00038,11,0.000,12.035,0.00084,0.3198725156374125,11.25,0.18063,99,0.938,2,0,0.00,1717,322,82
620,2125,0.1560809399621702,0.00014,11,0.000,12.035,0.00039,0.33879314629113727,6.25,0.12588,9,1.414,2,0,0.00,1719,324,82
630,2127,0.5316956295023636,0.00018,11,0.000,12.035,0.00084,0.3348758979856358,0.75,0.14778,823,1.043,1,0,0.00,1721,324,82
640,2133,0.4366971984794753,0.00033,11,0.000,12.035,0.00095,0.31873243800762924,12.25,0.13298,461,1.057,1,0,0.00,1725,326,82
650,2138,0.47576104722097334,0.00060,11,0.000,12.035,0.00155,0.32987620085591784,11.25,0.11649,103,1.161,1,0,0.00,1729,327,82
660,2147,0.4758079507818537,0.00011,11,0.000,12.035,0.00026,0.3272835754048515,12.25,0.10726,468,1.105,1,0,0.00,1735,330,82
670,2149,0.6195117171527523,0.00038,11,0.000,12.035,0.00103,0.31742489449930766,12.75,0.13448,164,1.161,2,0,0.00,1736,331,82
680,2155,0.46133532455714904,0.00022,11,0.000,12.034,0.00073,0.322843619105034,12.75,0.15245,166,0.990,2,0,0.00,1741,332,82
690,2160,0.30851325298118143,0.00013,11,0.000,12.034,0.00045,0.3130973533918178,4.25,0.19376,6,1.414,2,0,0.00,1744,334,82
700,2168,0.6243951063847499,0.00007,10,0.000,12.034,0.00035,0.3052740958714684,8.25,0.20754,9,1.410,2,0,0.00,1749,337,82
710,2177,0.40396109407890873,0.00033,10,0.000,12.034,0.00077,0.29546681394629226,12.75,0.17830,173,1.020,2,0,0.00,1756,339,82
720,2187,0.45613835539733943,0.00071,10,0.000,12.034,0.00127,0.2815832796660306,12.75,0.15191,172,1.045,2,0,0.00,1764,341,82
730,2193,0.6540142440572996,0.00034,10,0.000,12.034,0.00070,0.25094459207555153,12.75,0.17445,175,1.021,1,0,0.00,1769,342,82
740,2194,0.513335125929961,0.00066,10,0.000,12.034,0.00139,0.2449566792468445,6.75,0.19033,10,1.395,1,0,0.00,1770,342,82
750,2201,0.45170714772208553,0.00032,10,0.000,12.034,0.00071,0.23879954521317154,12.25,0.21116,469,1.011,1,0,0.00,1775,344,82
760,2205,0.37683212933511545,0.00039,10,0.000,12.034,0.00079,0.2336809261219105,12.25,0.19797,467,1.009,1,0,0.00,1778,345,82
770,2213,0.5163400065835491,0.00019,10,0.000,12.034,0.00076,0.2053616492082735,11.25,0.19730,107,0.933,1,0,0.00,1783,346,84
780,2218,0.6594829916572165,0.00060,11,0.000,12.034,0.00181,0.19372740589115942,11.25,0.19263,108,0.923,1,0,0.00,1786,348,84
790,2223,0.3572185830838072,0.00053,11,0.000,12.034,0.00120,0.18574242585712913,11.25,0.16886,94,0.984,1,0,0.00,1789,350,84
800,2231,0.5318044501240586,0.00055,11,0.000,12.034,0.00159,0.15282411563416806,10.75,0.14172,5,0.845,1,0,0.00,1794,353,84
