# RUN_PARAMS {"alfanat":0.0,"batch":true,"bussola":1,"calore_scal":false,"calore_vett":true,"chi_basc":true,"chi_core":true,"coppia":1.0,"costanti_effettive":{"CS_M":2.0,"GAMMA":0.05,"K_C":2.0,"LAM":0.8,"PHI_CRIT":6.283185307179586,"SCALA_B":1.0},"cs_dinamico":true,"csv":"out_guscio_morbido\\cond_off_s1.csv","da_libera":false,"db_cleanup":false,"db_ogni":100,"denoise":false,"diaglog":"out_guscio_morbido\\diag_off_s1.csv","diffres":0.0,"dpi":100,"elast_c":null,"fps":20,"frames":0,"gamma":0.05,"giri":1.0,"guscio_morbido":false,"ham":0.0,"kfrange":0.0,"lam":0.8,"leggi_attive":{"CHI_BASC":true,"CHI_CORE":true,"CS_DINAMICO":true,"LS_AZIM":true,"OLON_PART":true,"PAV_COM":true,"PLAST_DIN":true,"POLO_MATURO":true,"REGIME":"deterministico","SPINORE":true,"SPINORE_VIVO":true,"SPIN_FEEDBACK":true,"SPIN_LARMOR":false,"SYNC_UPDATE":true,"TAU_USA_D0":true,"VERLET":true,"VERSO_CHI":true,"VIRIALE":true,"ZETA_LOC":true,"ZETA_VIR":true},"ls_azim":true,"maxnodi":4000000,"mitmax":0,"mupsi":-0.05,"nmasse":2,"nmasse_effettive":2,"nodi":900,"ogni":10,"ogni_effettivo":10,"olon_part":true,"out":null,"passi":2000,"passi_effettivi":2000,"passi_per_frame":null,"pav_com":true,"plam":1.0,"plast_din":true,"plastmit":0.0,"polo_maturo":true,"regime":null,"scala":1.0,"seed":1,"seed_effettivo":1,"sep":8.0,"sep_effettivo":8.0,"size":null,"solo_materia":false,"spin_feedback":true,"spin_larmor":false,"spin_positivi":false,"spinore_vivo":true,"sync":true,"sync_db":"out_guscio_morbido\\db_off_s1.pkl","tau_d0":true,"tauloc":1.0,"test":null,"verlet":true,"verso_chi":true,"viriale":true,"vista_rete":false,"zeta":0.75,"zeta_loc":true,"zeta_vir":true}
passo,n_tot,ord_centrale,dens_centrale,n_centrali,frac_nati_centrali,dist_masse,dens_picco_centrale,ord_masse,antiguscio_raggio,antiguscio_coerenza_min,antiguscio_nodi,antiguscio_tau,picchi_totali,picchi_nuovi,raggio_picco_nuovo
0,824,0.5604334005556113,0.00000,9,0.000,16.009,0.00000,0.9986993564144171,6.25,0.31288,5,0.000,1,1,1.34,744,0,80
10,824,0.6594823622973218,0.00000,9,0.000,16.009,0.00000,0.8906133712630756,6.75,0.09244,8,1.414,2,0,0.00,744,0,80
20,825,0.2903688986483079,0.00000,9,0.000,16.009,0.00000,0.8662348455934352,7.25,0.14744,6,1.414,2,0,0.00,745,0,80
30,830,0.7885313029669992,0.00000,9,0.000,16.009,0.00000,0.8388622050341913,9.25,0.45488,9,1.414,2,0,0.00,749,1,80
40,834,0.5864975172082313,0.00000,9,0.000,16.009,0.00000,0.8030745770851265,9.25,0.29115,8,1.413,2,0,0.00,752,2,80
50,834,0.5505073982369115,0.00000,9,0.000,16.009,0.00000,0.7755591895252238,10.75,0.44299,7,1.414,2,0,0.00,752,2,80
60,834,0.5137165095232019,0.00000,9,0.000,16.009,0.00000,0.7461766565226594,7.25,0.23132,7,1.402,2,0,0.00,752,2,80
70,834,0.8573448584249206,0.00000,9,0.000,16.009,0.00000,0.7526786751127971,10.25,0.31286,10,1.414,2,0,0.00,752,2,80
80,834,0.5788356818329206,0.00000,11,0.000,16.009,0.00000,0.7681616939718142,6.75,0.17366,8,1.414,2,0,0.00,752,2,80
90,834,0.569095949251037,0.00000,12,0.000,16.009,0.00000,0.7760604593464561,6.75,0.16752,8,1.414,2,0,0.00,752,2,80
100,834,0.6456414945640178,0.00000,12,0.000,16.009,0.00000,0.7540818109377164,10.25,0.24232,6,1.414,2,0,0.00,752,2,80
110,834,,0.00000,11,0.000,16.009,0.00000,0.7464560825202463,6.75,0.22695,9,1.414,2,0,0.00,752,2,80
120,834,0.37879398485270077,0.00000,11,0.000,16.009,0.00000,0.7462730427423998,6.25,0.31606,4,1.414,2,0,0.00,752,2,80
130,834,0.3641331450421492,0.00000,11,0.000,16.009,0.00000,0.719805788826171,7.25,0.19727,10,1.414,2,0,0.00,752,2,80
140,834,0.3868676883001037,0.00000,11,0.000,16.009,0.00000,0.6936871797119397,9.75,0.05842,4,1.414,2,0,0.00,752,2,80
150,834,0.7455483342869572,0.00000,12,0.000,16.009,0.00000,0.6503035006116987,9.25,0.32198,10,1.412,2,0,0.00,752,2,80
160,834,0.5849696914384395,0.00000,11,0.000,16.009,0.00000,0.6080777268196502,9.25,0.11889,11,1.412,1,0,0.00,752,2,80
170,834,0.6879704392829412,0.00000,11,0.000,16.009,0.00000,0.5643426254357568,9.25,0.43762,11,1.412,1,0,0.00,752,2,80
180,834,0.4215229690016882,0.00000,11,0.000,16.009,0.00000,0.5025611026035885,7.25,0.33634,9,1.413,1,0,0.00,752,2,80
190,834,0.3299129021335476,0.00000,11,0.000,16.009,0.00000,0.5285968951223707,9.25,0.36839,10,1.412,2,0,0.00,752,2,80
200,835,0.466297005436081,0.00000,8,0.000,16.009,0.00000,0.5844254135051115,7.75,0.11258,6,0.000,1,0,0.00,753,2,80
210,836,0.573218046311939,0.00000,8,0.000,16.009,0.00000,0.6218345747930383,14.75,0.27715,13,1.202,1,0,0.00,754,2,80
220,836,0.5318578823170731,0.00000,8,0.000,16.009,0.00000,0.6680444334311041,10.25,0.19198,4,1.093,1,0,0.00,754,2,80
230,836,0.6783756975107811,0.00000,8,0.000,16.009,0.00000,0.5351926266344873,9.75,0.33334,11,1.158,1,0,0.00,754,2,80
240,839,0.8050496465481878,0.00000,8,0.000,16.009,0.00000,0.505791099730881,14.75,0.23610,12,0.000,2,0,0.00,755,2,82
250,840,0.5875006840637413,0.00000,8,0.000,16.009,0.00000,0.48006176540070905,7.25,0.25544,6,1.403,2,0,0.00,756,2,82
260,840,0.5898268518541323,0.00000,7,0.000,16.009,0.00000,0.4930176693768701,6.75,0.21709,6,1.410,2,0,0.00,756,2,82
270,840,0.5654495780758974,0.00000,5,0.000,16.009,0.00000,0.5238946919805114,7.25,0.29408,6,1.135,2,0,0.00,756,2,82
280,840,0.17867477298870293,0.00000,5,0.000,16.009,0.00000,0.522177137530812,8.75,0.26670,8,1.412,2,0,0.00,756,2,82
290,843,0.5846559142771031,0.00000,6,0.000,16.009,0.00000,0.5527748632101083,8.75,0.20537,8,0.000,2,0,0.00,758,3,82
300,847,0.566091951862467,0.00000,6,0.000,16.009,0.00001,0.5564520948612748,6.25,0.33108,5,1.412,2,0,0.00,761,4,82
310,861,0.45646988025938134,0.00000,6,0.000,16.009,0.00000,0.5120790832741062,9.25,0.26239,9,1.412,2,0,0.00,771,8,82
320,869,,0.00000,6,0.000,16.009,0.00001,0.48128278882715564,7.25,0.38971,9,1.412,2,0,0.00,775,11,83
330,887,,0.00000,6,0.000,16.009,0.00000,0.4424697365634571,10.75,0.12419,5,1.407,2,0,0.00,787,17,83
340,904,,0.00000,6,0.000,16.009,0.00000,0.36758566470405396,8.25,0.27213,6,1.397,1,0,0.00,798,21,85
350,930,,0.00000,6,0.000,16.009,0.00000,0.3250450297022738,8.25,0.22163,6,1.347,1,0,0.00,816,29,85
360,945,0.16868219034511403,0.00000,7,0.000,16.009,0.00000,0.3350109328266608,9.75,0.16868,10,0.000,1,0,0.00,829,31,85
370,965,0.36990709835525165,0.00000,7,0.000,16.009,0.00001,0.3275563429993609,15.25,0.29195,71,0.000,1,0,0.00,843,37,85
380,987,0.7270079298948581,0.00000,6,0.000,16.009,0.00001,0.30153244357984965,10.75,0.36016,4,0.000,1,0,0.00,856,45,86
390,1025,0.5192648517918184,0.00000,6,0.000,16.009,0.00000,0.2955587394102172,10.75,0.13683,4,0.000,1,0,0.00,880,58,87
400,1055,0.9721056590289657,0.00000,7,0.000,16.009,0.00001,0.29062907175425345,15.75,0.25436,142,0.000,1,0,0.00,901,64,90
410,1082,0.32017034250028514,0.00000,9,0.000,16.009,0.00001,0.26129582821018255,6.75,0.06025,9,0.000,1,0,0.00,917,75,90
420,1120,0.7044097559093986,0.00000,9,0.000,16.009,0.00000,0.2888526174438969,7.75,0.16938,8,0.000,1,0,0.00,946,83,91
430,1165,0.31322742342077053,0.00000,9,0.000,16.009,0.00000,0.2568409656252209,7.25,0.18585,6,0.000,1,0,0.00,982,92,91
440,1219,0.5442310478306898,0.00000,10,0.100,16.009,0.00000,0.24613313878036522,15.25,0.17524,95,0.000,2,2,9.43,1017,111,91
450,1258,0.5469789943340487,0.00000,10,0.100,16.009,0.00001,0.24283469577587627,0.75,0.13191,183,0.000,2,2,9.43,1046,121,91
460,1307,0.6740055271592786,0.00000,10,0.100,16.009,0.00001,0.25695075149903085,15.25,0.21606,108,0.000,2,2,9.53,1082,134,91
470,1348,0.5494516569632744,0.00000,11,0.182,16.009,0.00001,0.2558227963469595,6.75,0.26239,5,0.000,2,2,9.52,1112,145,91
480,1392,0.4772890461066641,0.00000,11,0.182,16.009,0.00002,0.25692202916349594,15.75,0.21798,197,0.000,2,2,9.54,1141,160,91
490,1447,0.8248673383800527,0.00000,12,0.333,16.009,0.00001,0.23721901382155508,0.75,0.17833,218,0.000,2,2,9.59,1179,175,93
500,1506,0.562789516494733,0.00000,12,0.333,16.009,0.00001,0.22785460572353583,9.75,0.14324,6,0.000,2,2,9.57,1221,192,93
510,1568,0.4315065118115705,0.00001,11,0.273,16.009,0.00003,0.22812918288789732,10.25,0.19891,5,0.000,2,1,9.77,1260,214,94
520,1621,0.5651837978860755,0.00000,11,0.273,16.009,0.00001,0.23082604918042557,8.25,0.09644,7,0.000,2,1,9.83,1299,228,94
530,1692,0.28233565560322893,0.00000,11,0.273,16.009,0.00000,0.20902657431898924,6.75,0.20879,7,0.000,2,2,9.90,1346,252,94
540,1749,0.4890836595651912,0.00000,8,0.250,16.009,0.00000,0.2041203139467463,10.25,0.11909,4,0.000,2,2,9.97,1381,274,94
550,1813,0.46023590045808616,0.00000,8,0.250,16.009,0.00001,0.21284191027896576,0.75,0.11440,244,0.000,2,2,10.06,1426,293,94
560,1874,0.5304198078140365,0.00002,7,0.286,16.009,0.00007,0.22665752303280162,0.75,0.18352,159,0.000,2,2,10.16,1470,310,94
570,1953,0.45347176862075445,0.00002,6,0.333,16.009,0.00010,0.22519722058621894,14.75,0.18795,51,0.000,2,2,10.20,1525,331,97
580,2018,0.6059169823974205,0.00001,6,0.333,16.009,0.00004,0.2222359225738424,0.75,0.15635,283,0.000,2,2,10.28,1569,352,97
590,2092,0.24578283193616351,0.00001,6,0.333,16.009,0.00003,0.21631593326903156,0.75,0.16781,290,0.000,2,2,10.40,1617,376,99
600,2170,0.29377497403454,0.00001,6,0.333,16.009,0.00003,0.22081396784976512,9.45,0.27443,86,1.000,2,2,10.53,1670,399,101
610,2229,0.3016186808244955,0.00003,6,0.167,16.009,0.00009,0.20139775580147606,9.45,0.25738,95,1.000,2,2,9.50,1711,415,103
620,2288,0.2928932475405254,0.00002,6,0.167,16.009,0.00008,0.19775432293553635,9.45,0.23929,99,1.000,2,2,9.65,1751,433,104
630,2356,0.5374021225652335,0.00001,6,0.000,16.009,0.00002,0.2006424076272843,9.45,0.21573,105,1.000,2,2,9.71,1797,455,104
640,2432,0.5026779552645742,0.00001,8,0.125,16.009,0.00006,0.19605162588847505,10.45,0.20112,8,1.257,2,2,9.70,1848,480,104
650,2505,0.5733873740668223,0.00004,8,0.125,16.009,0.00023,0.14046302155517332,9.45,0.23180,114,1.000,2,2,9.75,1897,504,104
660,2587,0.6893859730357974,0.00001,7,0.143,16.009,0.00007,0.0984914938533805,9.45,0.19639,115,1.000,1,1,9.75,1951,532,104
670,2653,0.5206411629940803,0.00003,7,0.143,16.009,0.00016,0.08617915375262519,9.45,0.20630,123,1.000,1,1,9.74,1996,553,104
680,2733,0.3961563212555991,0.00003,8,0.250,16.009,0.00017,0.07861755045080213,9.45,0.21317,128,1.000,1,1,9.72,2049,580,104
690,2795,0.5439150565816487,0.00006,8,0.250,16.009,0.00021,0.0854706471243345,9.45,0.20103,135,1.000,1,1,9.70,2092,597,106
700,2868,0.6133220508774377,0.00007,8,0.250,16.009,0.00042,0.06939738923649968,9.45,0.19962,142,1.000,1,1,9.68,2145,617,106
710,2940,0.8533236042923195,0.00003,8,0.250,16.010,0.00019,0.08394572043399932,9.45,0.18662,152,1.000,1,1,9.71,2192,642,106
720,3051,0.3010431231505735,0.00003,9,0.333,16.010,0.00015,0.08306469548997127,9.45,0.16120,157,1.000,1,1,9.83,2259,684,108
730,3129,0.860496399410961,0.00001,8,0.375,16.010,0.00007,0.0633037211732842,9.45,0.14439,160,1.000,1,1,9.91,2312,708,109
740,3226,0.5541710586365924,0.00004,8,0.375,16.010,0.00015,0.06882634074127575,9.45,0.15667,167,1.000,1,1,9.99,2377,739,110
750,3309,0.5025628615520901,0.00002,8,0.375,16.010,0.00006,0.07058254247515355,9.45,0.14582,171,1.000,1,1,10.04,2433,765,111
760,3393,0.6686987763101915,0.00003,7,0.286,16.010,0.00016,0.07271524750366128,9.45,0.15481,187,1.000,1,1,10.09,2494,786,113
770,3470,0.3750971651226987,0.00001,8,0.250,16.010,0.00005,0.09088936641341683,9.45,0.13069,197,1.000,1,1,10.07,2544,813,113
780,3563,0.911841804779287,0.00004,9,0.222,16.010,0.00017,0.07007511556720852,9.45,0.13628,204,1.000,1,1,9.92,2605,843,115
790,3663,0.41672807730660494,0.00002,9,0.222,16.010,0.00010,0.06472356204176447,9.45,0.11633,209,1.000,1,1,9.97,2676,872,115
800,3754,0.5837961142882331,0.00001,10,0.300,16.010,0.00005,0.08348891567757867,9.45,0.17106,220,1.000,1,1,10.01,2733,904,117
810,3836,0.5942828462442181,0.00002,11,0.273,16.009,0.00008,0.06033630365774201,9.45,0.14873,231,1.000,1,1,10.04,2786,932,118
820,3937,0.43041486646031524,0.00002,10,0.200,16.009,0.00007,0.07263042037212326,9.45,0.15539,227,1.000,1,1,10.08,2850,966,121
830,4013,0.628196430831554,0.00002,11,0.273,16.009,0.00008,0.07279636164898251,9.45,0.13680,240,1.000,1,1,10.09,2903,988,122
840,4103,0.5094604184166225,0.00001,12,0.333,16.009,0.00006,0.08895692910423553,9.45,0.15686,255,1.000,1,1,10.14,2963,1018,122
850,4193,0.39891914338140516,0.00001,12,0.333,16.009,0.00008,0.06834447799356282,9.45,0.15755,259,1.000,1,0,0.00,3022,1048,123
860,4289,0.4446795031379911,0.00004,11,0.273,16.009,0.00018,0.07085709689462741,9.45,0.13818,265,1.000,2,0,0.00,3086,1080,123
870,4384,0.5969737738944771,0.00002,10,0.500,16.009,0.00012,0.07417753395839799,9.45,0.14610,282,1.000,1,0,0.00,3144,1116,124
880,4472,0.3874175776921432,0.00001,10,0.500,16.009,0.00005,0.06724734021397548,9.45,0.12757,286,1.000,1,1,9.43,3200,1147,125
890,4573,0.41747844968867176,0.00001,11,0.455,16.009,0.00007,0.08796276656117222,9.45,0.13472,291,1.000,2,1,9.54,3260,1184,129
900,4664,0.5237191366879492,0.00002,11,0.455,16.009,0.00007,0.11957527781686121,9.45,0.16443,317,1.000,2,1,9.66,3319,1215,130
910,4738,0.6604098190340297,0.00001,12,0.500,16.009,0.00007,0.13668245126550863,9.45,0.18030,319,1.000,2,1,9.76,3368,1240,130
920,4839,0.5197199398024711,0.00001,11,0.545,16.009,0.00008,0.10686433736144156,9.45,0.16908,317,1.000,2,2,9.86,3435,1274,130
930,4931,0.6125067480731576,0.00001,10,0.500,16.009,0.00007,0.10953319499965866,9.45,0.17219,323,1.000,1,1,6.00,3504,1295,132
940,5024,0.44089382022455886,0.00001,10,0.500,16.009,0.00006,0.12848265970361492,9.45,0.14983,340,1.000,1,1,6.06,3568,1319,137
950,5125,0.48132276109766625,0.00003,9,0.556,16.009,0.00013,0.11939103336955136,9.45,0.17204,357,1.000,2,2,10.17,3635,1352,138
960,5220,0.4829914573756595,0.00003,9,0.556,16.009,0.00015,0.12166337520955835,9.45,0.16072,370,1.000,1,1,6.18,3699,1383,138
970,5347,0.19535234142885274,0.00003,10,0.600,16.008,0.00022,0.10771663469705811,9.45,0.14929,381,1.000,1,1,6.25,3782,1425,140
980,5435,0.40749186697865514,0.00002,10,0.600,16.008,0.00006,0.11492147141788893,9.45,0.13850,395,1.000,1,1,6.31,3835,1460,140
990,5558,0.47566586213666917,0.00005,9,0.556,16.008,0.00020,0.11095600243434217,9.45,0.13001,400,1.000,1,1,6.36,3910,1508,140
1000,5686,0.322569502857281,0.00004,9,0.556,16.008,0.00013,0.12343921857985016,9.45,0.12534,415,1.000,1,1,6.40,3994,1551,141
1010,5798,0.28330536531508815,0.00008,9,0.556,16.008,0.00028,0.12137700300910781,9.45,0.13273,424,1.000,1,1,6.44,4066,1591,141
1020,5888,0.5264156558399683,0.00012,9,0.556,16.008,0.00058,0.1098313068750132,9.45,0.13853,431,1.000,1,1,6.48,4125,1621,142
1030,6000,0.6714924919239069,0.00022,7,0.429,16.008,0.00084,0.12218695523218782,9.45,0.12003,457,1.000,1,1,6.53,4197,1659,144
1040,6107,0.27133263167349037,0.00031,8,0.500,16.008,0.00155,0.12169273020578222,9.45,0.13204,477,1.000,1,1,6.57,4268,1694,145
1050,6211,0.6209653013793515,0.00047,10,0.500,16.008,0.00234,0.14539051226814392,9.45,0.10752,507,1.000,1,1,6.59,4334,1732,145
1060,6329,0.39999632659397794,0.00035,10,0.500,16.008,0.00150,0.15424996132744023,9.45,0.10140,523,1.000,1,1,6.62,4411,1773,145
1070,6426,0.27100528044967576,0.00027,10,0.500,16.008,0.00084,0.17393834007247594,9.45,0.12557,526,1.000,1,1,6.64,4473,1808,145
1080,6501,0.749696444085339,0.00018,10,0.500,16.007,0.00082,0.15706896016230268,9.45,0.11279,534,1.000,1,1,6.65,4521,1835,145
1090,6615,0.3821352298509584,0.00024,9,0.444,16.007,0.00077,0.1772545607682163,9.45,0.11661,567,1.000,1,1,6.65,4590,1879,146
1100,6735,0.6180784667531497,0.00063,7,0.286,16.007,0.00352,0.17271642598899853,9.45,0.11819,584,1.000,1,1,6.65,4669,1918,148
1110,6832,0.7247948371186412,0.00059,8,0.250,16.007,0.00128,0.16289916405386207,9.45,0.11415,601,1.000,1,1,6.65,4738,1946,148
1120,6962,0.38394737175222393,0.00120,9,0.222,16.007,0.00316,0.1747934830723907,9.45,0.11004,610,1.000,1,1,6.72,4820,1993,149
1130,7091,0.409916142816822,0.00103,9,0.333,16.007,0.00493,0.16986605443778977,9.45,0.08468,635,1.000,1,0,0.00,4901,2040,150
1140,7211,0.46365291498704,0.00080,9,0.333,16.007,0.00276,0.16699846895353906,9.45,0.08900,646,1.000,1,0,0.00,4985,2071,155
1150,7319,0.5480742995509508,0.00152,9,0.333,16.007,0.00531,0.17361593339266831,9.45,0.08397,649,1.000,1,0,0.00,5054,2110,155
1160,7441,0.7374514347441795,0.00204,9,0.333,16.007,0.00730,0.16915609080613592,9.45,0.08372,674,1.000,1,0,0.00,5136,2148,157
1170,7531,0.38505028089383914,0.00297,8,0.250,16.007,0.00843,0.18592676413681863,9.45,0.10522,667,1.000,1,0,0.00,5198,2176,157
1180,7695,0.341913335109488,0.00132,9,0.222,16.007,0.00451,0.1698950458447441,9.45,0.09201,649,1.000,1,0,0.00,5319,2218,158
1190,7817,0.562751013252525,0.00325,9,0.222,16.007,0.01356,0.16600176788216886,9.45,0.10019,659,1.000,1,1,5.88,5405,2252,160
1200,7938,0.4555658680423468,0.00268,9,0.222,16.007,0.00713,0.16050258642220755,9.45,0.09563,654,1.000,1,1,5.98,5483,2293,162
1210,8045,0.5025206802180785,0.00262,11,0.182,16.007,0.00870,0.17875815901489722,9.45,0.09482,649,1.000,1,1,6.09,5555,2328,162
1220,8145,0.4983317225783416,0.00390,10,0.200,16.008,0.01080,0.20638157101882185,9.45,0.13375,676,1.000,1,1,6.20,5622,2359,164
1230,8287,0.5679296423592023,0.00458,9,0.111,16.008,0.01232,0.21624050366835054,9.45,0.10973,671,1.000,1,1,6.32,5710,2410,167
1240,8402,0.3528927787807122,0.00277,9,0.000,16.009,0.00563,0.22647813921718268,9.45,0.15155,664,1.000,1,1,6.43,5784,2451,167
1250,8522,0.4937507476197343,0.00207,10,0.000,16.010,0.00576,0.19825194397755358,9.45,0.13242,676,1.000,1,1,6.55,5861,2494,167
1260,8643,0.39596290599900924,0.00136,10,0.000,16.011,0.00373,0.1465746685991536,11.46,0.23417,168,1.000,1,1,6.68,5942,2534,167
1270,8801,0.14817426148055338,0.00118,10,0.000,16.012,0.00243,0.08447144529665834,9.46,0.11061,673,1.000,1,1,6.80,6046,2588,167
1280,8911,0.45874698800193986,0.00454,11,0.182,16.013,0.02827,0.08370879117412233,9.46,0.11477,682,1.000,1,1,6.91,6123,2620,168
1290,9040,0.3906544098699325,0.00151,15,0.267,16.015,0.00796,0.11689616457570551,9.46,0.12281,676,1.000,1,0,0.00,6213,2659,168
1300,9180,0.28470170616421203,0.00086,16,0.312,16.016,0.00339,0.15400045115688102,10.46,0.16160,328,1.000,1,0,0.00,6303,2709,168
1310,9332,0.34019406025948984,0.00112,16,0.312,16.017,0.00589,0.16573416826995235,9.46,0.13125,691,1.000,1,0,0.00,6399,2765,168
1320,9495,0.3911599741613071,0.00475,18,0.278,16.018,0.05292,0.15201554857855723,9.46,0.13831,734,1.000,1,0,0.00,6502,2824,169
1330,9628,0.36084622770445257,0.00341,16,0.312,16.019,0.01671,0.12701127711370905,10.96,0.24624,249,1.000,1,0,0.00,6592,2867,169
1340,9757,0.3333414366247253,0.00604,17,0.353,16.020,0.05502,0.10081458005908928,9.46,0.10535,745,1.000,1,0,0.00,6672,2915,170
1350,9907,0.30109855848744244,0.00999,17,0.412,16.022,0.08760,0.1275845320538133,9.46,0.11999,758,1.000,1,0,0.00,6761,2976,170
1360,10057,0.365957264989948,0.00740,18,0.500,16.023,0.08276,0.1633940594750503,9.46,0.15226,792,1.000,1,0,0.00,6858,3029,170
1370,10190,0.41988094264921755,0.00640,20,0.500,16.024,0.08147,0.16565909546534135,11.46,0.26054,213,1.000,1,0,0.00,6944,3075,171
1380,10356,0.4730347973392076,0.00848,21,0.524,16.025,0.09483,0.1471986860790462,9.46,0.14871,794,1.000,1,0,0.00,7048,3137,171
1390,10512,0.5815932881715848,0.00559,23,0.565,16.027,0.07533,0.12684737878660113,15.96,0.27827,16,1.000,1,0,0.00,7154,3187,171
1400,10659,0.37540932615290545,0.00130,22,0.636,16.028,0.01188,0.13251116557567494,11.96,0.27513,148,1.000,1,0,0.00,7244,3238,177
1410,10807,0.28291528231608654,0.00134,21,0.571,16.030,0.01204,0.17201082062897385,9.47,0.14712,803,1.000,1,0,0.00,7343,3286,178
1420,10967,0.40887524149061616,0.00071,18,0.556,16.032,0.00310,0.18310750061768083,9.47,0.16748,801,1.000,1,0,0.00,7443,3345,179
1430,11139,0.3474798624394945,0.00194,19,0.579,16.034,0.02048,0.17984665844338504,9.47,0.16816,844,1.000,1,0,0.00,7556,3404,179
1440,11289,0.35147218683569253,0.00326,22,0.591,16.036,0.02786,0.17423662863134043,10.97,0.22420,294,1.000,1,0,0.00,7647,3463,179
1450,11419,0.5332878219933994,0.00744,15,0.467,16.038,0.04865,0.1718255444159196,11.97,0.27150,167,1.000,1,0,0.00,7741,3499,179
1460,11571,0.3377025120543049,0.01212,16,0.500,16.041,0.08449,0.16025854759589656,11.47,0.26456,242,1.000,1,0,0.00,7841,3551,179
1470,11700,0.43973148240556914,0.01719,18,0.556,16.043,0.22575,0.144951922764637,9.47,0.12914,852,1.000,1,0,0.00,7918,3597,185
1480,11844,0.33134604413261903,0.01334,16,0.625,16.045,0.12181,0.14419490894173387,10.97,0.21588,351,1.000,1,0,0.00,8012,3646,186
1490,11996,0.2807338553266485,0.00986,19,0.632,16.047,0.10118,0.1658334301329633,9.47,0.17624,865,1.000,1,0,0.00,8111,3696,189
1500,12144,0.309285543730714,0.00814,19,0.632,16.048,0.09140,0.17021990469671683,9.47,0.16463,892,1.000,1,0,0.00,8207,3748,189
1510,12292,0.44134646819862067,0.02681,19,0.579,16.050,0.17833,0.17570359684056364,9.98,0.17928,605,1.000,1,0,0.00,8308,3795,189
1520,12461,0.4043755213135795,0.00931,18,0.611,16.052,0.07000,0.1780440276553764,9.98,0.19572,623,1.000,1,0,0.00,8418,3853,190
1530,12593,0.40080263410360656,0.01918,22,0.636,16.053,0.26343,0.18404948985257857,17.48,0.20614,15,1.000,1,0,0.00,8505,3898,190
1540,12752,0.407472562604965,0.02506,19,0.684,16.054,0.20501,0.18949255813686947,9.98,0.18458,603,1.000,1,0,0.00,8611,3950,191
1550,12925,0.3252259000081063,0.01330,16,0.562,16.056,0.05499,0.19005817785020399,11.48,0.24119,263,1.000,1,0,0.00,8721,4011,193
1560,13085,0.2812805869541294,0.01973,17,0.529,16.057,0.13697,0.17091447136677781,9.98,0.17801,654,1.000,2,1,9.61,8833,4059,193
1570,13236,0.3419755442824061,0.00992,21,0.571,16.058,0.07888,0.17016326296069656,10.98,0.23463,379,1.000,1,1,9.62,8936,4105,195
1580,13393,0.40485591298191065,0.00716,22,0.591,16.059,0.04813,0.1792330831803977,15.98,0.18396,32,1.000,1,1,9.64,9045,4153,195
1590,13541,0.29911075160832823,0.00963,21,0.619,16.059,0.13199,0.16208759145261498,9.48,0.16625,950,1.000,1,1,9.65,9143,4203,195
1600,13719,0.4316283440501829,0.00369,24,0.667,16.060,0.03434,0.15987099143006467,11.98,0.26944,266,1.000,1,1,9.71,9264,4260,195
1610,13903,0.47608183870685683,0.00269,24,0.708,16.061,0.03515,0.1647468650762699,11.48,0.26013,306,1.000,1,1,9.92,9385,4321,197
1620,14098,0.2719344122506144,0.00522,28,0.714,16.063,0.03803,0.1566303136745104,15.98,0.31630,43,1.000,1,1,10.04,9515,4386,197
1630,14300,0.31893915770993275,0.00417,27,0.741,16.064,0.03221,0.1584413680989677,14.48,0.36517,91,1.000,1,1,10.08,9647,4454,199
1640,14462,0.27006778453812025,0.00297,31,0.806,16.066,0.04464,0.15303641691025352,9.48,0.13465,1050,1.000,1,1,10.04,9752,4506,204
1650,14654,0.2815949519662319,0.00671,27,0.852,16.067,0.08720,0.15457421770984642,11.48,0.25087,346,1.000,1,1,9.93,9875,4570,209
1660,14881,0.36227851465744126,0.00209,23,0.826,16.069,0.02435,0.1582151090410649,16.98,0.07690,29,1.000,1,1,10.01,10014,4655,212
1670,15058,0.3210403767597569,0.00316,24,0.792,16.071,0.04734,0.1430781519297415,11.99,0.26430,313,1.000,1,1,10.13,10135,4711,212
1680,15228,0.2689609992633568,0.00233,25,0.800,16.073,0.03012,0.16207617021503495,16.99,0.12172,34,1.000,1,1,10.44,10243,4772,213
1690,15433,0.29817826152885263,0.00461,29,0.862,16.076,0.10618,0.1670414860680523,9.49,0.15577,1085,1.000,1,1,10.70,10378,4837,218
1700,15619,0.2501335828857849,0.00493,24,0.833,16.078,0.03273,0.1678315204345364,9.49,0.14080,1103,1.000,1,0,0.00,10497,4903,219
1710,15806,0.32023666211182816,0.00562,23,0.739,16.081,0.06780,0.16304145249155683,9.49,0.12285,1079,1.000,1,0,0.00,10622,4965,219
1720,16011,0.35515176605367843,0.00580,28,0.786,16.083,0.06266,0.15600135892543968,10.99,0.21689,654,1.000,1,0,0.00,10750,5041,220
1730,16191,0.2553496518627468,0.00833,33,0.818,16.085,0.10824,0.15086213235965878,16.49,0.32965,47,1.000,1,0,0.00,10862,5104,225
1740,16356,0.2866933237796856,0.00800,33,0.818,16.087,0.16103,0.16656238699845802,16.99,0.33603,42,1.000,1,1,9.02,10965,5165,226
1750,16559,0.2836296948643603,0.00999,34,0.824,16.089,0.16234,0.1634134377645952,11.99,0.29946,442,1.000,1,1,9.23,11091,5237,231
1760,16761,0.296647864885148,0.01555,32,0.781,16.090,0.25070,0.1677954465824983,9.49,0.12132,1187,1.000,1,1,9.40,11219,5309,233
1770,16945,0.24279833784268792,0.01000,31,0.742,16.090,0.11173,0.15288481453381322,18.50,0.17240,31,1.000,1,1,9.53,11342,5368,235
1780,17140,0.35629990755550706,0.01071,35,0.800,16.090,0.23845,0.1435918254552886,13.99,0.37475,199,1.000,1,1,9.61,11468,5435,237
1790,17342,0.31165127978272855,0.02517,38,0.816,16.089,0.35628,0.16079569967007,17.99,0.23196,52,1.000,1,1,9.64,11601,5504,237
1800,17532,0.22657672697375306,0.01493,34,0.824,16.088,0.25534,0.158751286470175,9.49,0.13651,1213,1.000,1,1,9.64,11716,5578,238
1810,17735,0.2672403456246641,0.01013,38,0.816,16.088,0.24612,0.1661419689274277,9.49,0.18067,1236,1.000,1,1,9.59,11842,5652,241
1820,17912,0.32073375559259565,0.01912,36,0.833,16.087,0.28127,0.1531684345178767,11.49,0.25820,691,1.000,1,1,9.51,11958,5710,244
1830,18083,0.30373844950663903,0.00964,33,0.848,16.086,0.26128,0.1659883629955553,18.99,0.19235,50,1.000,1,1,9.41,12079,5759,245
1840,18273,0.3515354906495054,0.01219,33,0.848,16.086,0.24383,0.14014543519506076,18.99,0.09568,45,1.000,1,1,9.37,12194,5834,245
1850,18454,0.25677709143406807,0.00528,32,0.844,16.086,0.08990,0.15555848786223372,18.49,0.30930,62,1.000,1,1,9.43,12310,5898,246
1860,18639,0.2658559181500695,0.00817,32,0.844,16.086,0.09469,0.14384494519810437,19.49,0.28638,48,1.000,1,1,9.57,12432,5961,246
1870,18879,0.31817139609498757,0.01078,38,0.868,16.086,0.24046,0.13919179624866904,20.49,0.17354,39,1.000,1,1,9.95,12580,6050,249
1880,19083,0.22710151108324036,0.01722,33,0.848,16.086,0.25773,0.14721869695080594,21.49,0.20545,26,1.000,1,1,10.29,12713,6119,251
1890,19286,0.30789161965269146,0.00925,36,0.861,16.086,0.14659,0.1384676082992844,18.99,0.27685,87,1.000,1,1,10.58,12842,6193,251
1900,19491,0.2896338698325186,0.01347,39,0.872,16.087,0.17754,0.13490930005414137,19.49,0.30551,58,1.000,1,1,10.81,12969,6271,251
1910,19706,0.2679658801324599,0.00956,40,0.875,16.088,0.16698,0.14742401178676065,19.99,0.41041,62,1.000,1,1,11.00,13101,6351,254
1920,19920,0.2556816053121751,0.00847,37,0.892,16.088,0.20697,0.14428317590085638,18.99,0.35061,70,1.000,1,1,11.15,13249,6416,255
1930,20130,0.22574255622373052,0.01826,39,0.897,16.089,0.26187,0.14359975675202713,20.99,0.21297,54,1.000,1,1,11.25,13386,6488,256
1940,20328,0.2652107518889092,0.01072,42,0.881,16.090,0.17350,0.14096773787103092,21.49,0.28321,45,1.000,1,1,11.32,13505,6564,259
1950,20540,0.3102654709275474,0.01053,38,0.842,16.090,0.10445,0.13786720464376775,9.99,0.16714,1168,1.000,1,1,11.35,13642,6637,261
1960,20721,0.2524616056269956,0.01537,40,0.825,16.090,0.30637,0.13696969382996033,21.00,0.21092,50,1.000,1,1,10.90,13750,6709,262
1970,20926,0.28765229405490456,0.01059,39,0.821,16.091,0.12269,0.13339994146046544,22.50,0.30569,42,1.000,1,1,10.35,13875,6785,266
1980,21154,0.2227092063185049,0.01145,37,0.838,16.092,0.15654,0.15467759953631285,19.50,0.28765,89,1.000,1,1,10.38,14028,6860,266
1990,21360,0.2407960304595271,0.00846,44,0.841,16.092,0.19957,0.14433186982027452,20.50,0.23973,67,1.000,1,1,10.61,14165,6928,267
2000,21569,0.20627412481904273,0.00334,46,0.826,16.093,0.05243,0.13690080318432568,22.00,0.32767,51,1.000,1,1,10.95,14294,7005,270
