# RUN_PARAMS {"alfanat":0.0,"batch":true,"bussola":1,"calore_scal":false,"calore_vett":true,"chi_basc":true,"chi_core":true,"coppia":1.0,"costanti_effettive":{"CS_M":2.0,"GAMMA":0.05,"K_C":2.0,"LAM":0.8,"PHI_CRIT":6.283185307179586,"SCALA_B":1.0},"cs_dinamico":true,"csv":"out_guscio_morbido\\cond_on_s1.csv","da_libera":false,"db_cleanup":false,"db_ogni":100,"denoise":false,"diaglog":"out_guscio_morbido\\diag_on_s1.csv","diffres":0.0,"dpi":100,"elast_c":null,"fps":20,"frames":0,"gamma":0.05,"giri":1.0,"guscio_morbido":true,"ham":0.0,"kfrange":0.0,"lam":0.8,"leggi_attive":{"CHI_BASC":true,"CHI_CORE":true,"CS_DINAMICO":true,"LS_AZIM":true,"OLON_PART":true,"PAV_COM":true,"PLAST_DIN":true,"POLO_MATURO":true,"REGIME":"deterministico","SPINORE":true,"SPINORE_VIVO":true,"SPIN_FEEDBACK":true,"SPIN_LARMOR":false,"SYNC_UPDATE":true,"TAU_USA_D0":true,"VERLET":true,"VERSO_CHI":true,"VIRIALE":true,"ZETA_LOC":true,"ZETA_VIR":true},"ls_azim":true,"maxnodi":4000000,"mitmax":0,"mupsi":-0.05,"nmasse":2,"nmasse_effettive":2,"nodi":900,"ogni":10,"ogni_effettivo":10,"olon_part":true,"out":null,"passi":2000,"passi_effettivi":2000,"passi_per_frame":null,"pav_com":true,"plam":1.0,"plast_din":true,"plastmit":0.0,"polo_maturo":true,"regime":null,"scala":1.0,"seed":1,"seed_effettivo":1,"sep":8.0,"sep_effettivo":8.0,"size":null,"solo_materia":false,"spin_feedback":true,"spin_larmor":false,"spin_positivi":false,"spinore_vivo":true,"sync":true,"sync_db":"out_guscio_morbido\\db_on_s1.pkl","tau_d0":true,"tauloc":1.0,"test":null,"verlet":true,"verso_chi":true,"viriale":true,"vista_rete":false,"zeta":0.75,"zeta_loc":true,"zeta_vir":true}
passo,n_tot,ord_centrale,dens_centrale,n_centrali,frac_nati_centrali,dist_masse,dens_picco_centrale,ord_masse,antiguscio_raggio,antiguscio_coerenza_min,antiguscio_nodi,antiguscio_tau,picchi_totali,picchi_nuovi,raggio_picco_nuovo
0,824,0.5606539241358599,0.00000,9,0.000,16.009,0.00000,0.9986993564144171,6.25,0.31290,5,0.000,1,1,1.34,744,0,80
10,824,0.6379681413717211,0.00000,9,0.000,16.009,0.00000,0.8920854837675404,6.75,0.09025,8,1.414,2,0,0.00,744,0,80
20,824,0.37142199630998,0.00000,9,0.000,16.009,0.00000,0.8661895082741714,9.75,0.38940,4,1.414,2,0,0.00,744,0,80
30,824,0.5360598048884412,0.00000,9,0.000,16.009,0.00000,0.838795902581413,9.25,0.37859,9,1.414,2,0,0.00,744,0,80
40,824,0.8477181617489257,0.00000,9,0.000,16.009,0.00000,0.8096690802524659,9.25,0.36289,8,1.414,2,0,0.00,744,0,80
50,824,0.6331155632666656,0.00000,10,0.000,16.009,0.00000,0.7852871165680443,9.75,0.34703,11,1.400,2,0,0.00,744,0,80
60,824,0.7166830279539831,0.00000,11,0.000,16.009,0.00000,0.7590776971406945,7.25,0.46542,6,1.414,2,0,0.00,744,0,80
70,824,0.9278554584906785,0.00000,11,0.000,16.009,0.00000,0.7705525982689206,10.25,0.55190,9,1.414,2,0,0.00,744,0,80
80,824,0.6251462274548847,0.00000,10,0.000,16.009,0.00000,0.7807853333759814,10.75,0.56378,6,1.392,2,0,0.00,744,0,80
90,824,0.6793416219124767,0.00000,11,0.000,16.009,0.00000,0.7848815678656271,9.75,0.28231,11,1.404,2,0,0.00,744,0,80
100,824,0.5870736584675253,0.00000,11,0.000,16.009,0.00000,0.7750460482637339,10.25,0.30952,6,1.413,2,0,0.00,744,0,80
110,824,0.7267035147741401,0.00000,11,0.000,16.009,0.00000,0.764542783917386,9.25,0.43428,10,1.414,2,0,0.00,744,0,80
120,824,0.31779433723891976,0.00000,11,0.000,16.009,0.00000,0.7622874793236784,8.75,0.12935,10,1.414,2,0,0.00,744,0,80
130,824,0.4780984948761797,0.00000,11,0.000,16.009,0.00000,0.7525870730504319,7.75,0.37192,9,1.414,2,0,0.00,744,0,80
140,824,0.36588466591613444,0.00000,13,0.000,16.009,0.00000,0.7255991140834206,8.25,0.26527,11,1.414,2,0,0.00,744,0,80
150,826,0.5422360676353627,0.00000,13,0.000,16.009,0.00000,0.7058784040173979,9.25,0.43026,12,1.413,2,0,0.00,744,0,82
160,826,0.41622315564017986,0.00000,14,0.000,16.009,0.00000,0.6669239221075429,7.75,0.24341,12,1.414,2,0,0.00,744,0,82
170,826,0.4445191098588603,0.00000,13,0.000,16.009,0.00000,0.6327969818448935,6.75,0.34290,8,1.413,1,0,0.00,744,0,82
180,826,0.45022283675140556,0.00000,13,0.077,16.009,0.00000,0.604351207776744,9.75,0.24788,8,1.393,1,0,0.00,744,0,82
190,826,0.2490212752617376,0.00000,13,0.154,16.009,0.00000,0.576074387609085,6.75,0.31702,4,1.413,1,0,0.00,744,0,82
200,826,0.5631858533619408,0.00000,12,0.167,16.009,0.00000,0.4947418241610724,9.25,0.45655,11,1.402,1,0,0.00,744,0,82
210,826,0.36767571758754314,0.00000,10,0.100,16.009,0.00000,0.4943571162876118,9.75,0.27601,8,1.398,1,0,0.00,744,0,82
220,826,0.6368987494858572,0.00000,10,0.100,16.009,0.00000,0.5370443407177832,7.25,0.37044,10,1.414,2,0,0.00,744,0,82
230,835,0.4650768091891975,0.00000,11,0.182,16.009,0.00000,0.5818667520197468,7.25,0.27730,10,1.414,2,0,0.00,751,1,83
240,840,0.44537187393471883,0.00000,11,0.182,16.009,0.00000,0.6260266432258796,6.25,0.26964,6,0.000,1,0,0.00,755,2,83
250,845,0.5009121913816708,0.00000,9,0.111,16.009,0.00000,0.6642002084482148,17.25,0.16967,19,1.110,1,0,0.00,759,3,83
260,845,0.5213298884955454,0.00000,9,0.111,16.009,0.00000,0.6904190064819056,7.25,0.40780,7,1.360,2,0,0.00,759,3,83
270,846,0.5978530724775462,0.00000,9,0.111,16.009,0.00000,0.6006788526538991,9.25,0.17507,11,0.000,1,0,0.00,760,3,83
280,850,0.5085862668309158,0.00000,7,0.000,16.009,0.00000,0.6214919180933421,7.75,0.26635,10,0.000,1,0,0.00,761,4,85
290,851,0.0944111200799457,0.00000,6,0.000,16.009,0.00000,0.6302502139948382,8.75,0.07272,7,1.327,2,0,0.00,762,4,85
300,854,0.6636313117522844,0.00001,6,0.000,16.009,0.00002,0.6686803624814617,6.75,0.23335,7,1.407,2,0,0.00,763,4,87
310,862,0.7192752803301933,0.00000,6,0.000,16.009,0.00001,0.6318024441716181,9.25,0.20517,9,0.000,2,0,0.00,769,6,87
320,865,0.5343658355062056,0.00000,6,0.000,16.009,0.00001,0.6336189136505197,6.75,0.35491,9,1.378,2,0,0.00,771,7,87
330,879,0.1542946912672016,0.00000,4,0.000,16.008,0.00001,0.5938945830119066,7.25,0.22240,7,0.000,2,0,0.00,780,12,87
340,888,,0.00000,4,0.000,16.008,0.00000,0.5831378312795248,9.25,0.25004,10,0.000,2,0,0.00,786,15,87
350,901,0.5628061909615157,0.00000,4,0.000,16.008,0.00000,0.5878715894421064,10.25,0.47879,10,0.000,2,0,0.00,796,18,87
360,917,,0.00000,3,0.000,16.008,0.00000,0.5873262930788555,6.75,0.31368,8,0.000,2,0,0.00,808,22,87
370,935,0.5492186284156471,0.00000,4,0.000,16.008,0.00000,0.56441909912857,8.75,0.40063,9,1.410,2,0,0.00,819,27,89
380,961,,0.00000,4,0.000,16.008,0.00000,0.5025482917293271,10.25,0.22511,9,0.000,2,0,0.00,838,34,89
390,996,,0.00000,4,0.000,16.008,0.00000,0.4923375627510565,0.75,0.42519,105,0.000,2,0,0.00,863,44,89
400,1036,,0.00000,4,0.000,16.009,0.00000,0.468671886206827,7.75,0.18054,5,0.000,2,0,0.00,893,54,89
410,1071,,0.00000,4,0.000,16.009,0.00000,0.46155540622988384,7.75,0.10717,4,0.000,2,0,0.00,915,66,90
420,1095,,0.00000,4,0.000,16.009,0.00000,0.47268404368557937,7.25,0.23234,9,1.407,2,0,0.00,933,72,90
430,1132,,0.00000,4,0.000,16.009,0.00000,0.43971675557790846,7.25,0.32075,10,0.000,2,0,0.00,960,82,90
440,1164,,0.00000,4,0.000,16.009,0.00000,0.43492256797651635,10.25,0.13526,10,0.000,2,0,0.00,984,90,90
450,1208,,0.00000,3,0.000,16.009,0.00000,0.43357213448699666,6.75,0.33515,5,0.000,2,0,0.00,1018,100,90
460,1248,,0.00000,3,0.000,16.009,0.00000,0.36236847554150825,0.75,0.29368,120,0.000,2,0,0.00,1045,112,91
470,1294,,0.00000,4,0.000,16.009,0.00000,0.34999708432463655,0.75,0.22985,129,0.000,2,0,0.00,1082,121,91
480,1339,,0.00000,4,0.000,16.009,0.00000,0.34328152066528667,10.25,0.11993,14,0.000,2,0,0.00,1111,137,91
490,1389,,0.00000,4,0.000,16.009,0.00000,0.36039588851208054,10.25,0.18989,14,0.000,2,0,0.00,1148,150,91
500,1443,,0.00000,3,0.000,16.009,0.00000,0.3082145986621594,0.75,0.20850,207,0.000,2,0,0.00,1188,164,91
510,1511,,0.00000,2,0.000,16.009,0.00000,0.3213368899061129,7.75,0.16941,5,0.000,2,0,0.00,1233,187,91
520,1573,,0.00000,2,0.000,16.009,0.00000,0.29103737728727697,17.25,0.20463,57,0.000,1,0,0.00,1276,206,91
530,1629,,0.00000,2,0.000,16.009,0.00000,0.2909026887622222,0.75,0.05456,149,0.000,1,0,0.00,1314,224,91
540,1683,,0.00000,2,0.000,16.009,0.00000,0.32038644403813366,9.95,0.23312,5,1.000,1,0,0.00,1352,240,91
550,1761,,0.00000,3,0.000,16.009,0.00000,0.28556350571469546,9.95,0.19358,8,1.000,1,0,0.00,1403,267,91
560,1819,,0.00000,3,0.000,16.009,0.00000,0.276079570298585,9.45,0.21983,47,1.000,1,1,6.07,1443,285,91
570,1897,,0.00000,4,0.500,16.009,0.00000,0.2777804831917734,10.45,0.14850,5,1.000,1,1,6.17,1494,310,93
580,1964,,0.00000,4,0.500,16.009,0.00000,0.2673307002560374,9.45,0.26417,61,1.000,1,1,6.25,1541,330,93
590,2040,0.360759321437955,0.00000,5,0.600,16.009,0.00000,0.2780479491868569,9.45,0.24432,65,1.000,1,1,6.34,1591,353,96
600,2107,0.17990691877350382,0.00000,4,0.750,16.009,0.00000,0.26668171383469697,9.45,0.23550,74,1.000,1,1,6.40,1638,373,96
610,2165,,0.00000,3,1.000,16.009,0.00000,0.2500053660149364,9.45,0.23405,76,1.000,1,1,6.41,1677,392,96
620,2232,,0.00000,3,1.000,16.009,0.00000,0.2494241039518046,9.45,0.26421,90,1.000,1,1,6.47,1718,417,97
630,2299,0.5233795672184259,0.00000,4,0.750,16.009,0.00000,0.24680252939743805,9.45,0.24620,92,1.000,1,1,5.34,1764,437,98
640,2355,,0.00000,2,1.000,16.008,0.00000,0.24750469083645274,9.45,0.25044,98,1.000,1,1,5.35,1799,455,101
650,2410,,0.00000,3,0.667,16.008,0.00000,0.24676831175766992,9.45,0.23396,106,1.000,1,1,5.37,1839,468,103
660,2470,,0.00000,3,0.667,16.008,0.00000,0.24559567839936122,10.95,0.21744,8,1.000,1,1,5.40,1881,486,103
670,2535,,0.00000,2,0.500,16.008,0.00000,0.2497987840656721,9.45,0.23196,128,1.000,1,1,5.40,1925,507,103
680,2588,,0.00000,2,0.500,16.008,0.00000,0.22384481177526003,9.45,0.20474,140,1.000,1,1,5.42,1965,520,103
690,2637,,0.00000,2,0.500,16.008,0.00000,0.22020241471654034,9.45,0.21170,153,1.000,1,1,5.43,1999,535,103
700,2710,,0.00000,1,0.000,16.008,0.00000,0.23116647109479804,9.45,0.16768,163,1.000,1,1,5.44,2046,560,104
710,2761,,0.00000,0,0.000,16.008,0.00000,0.2099314824753546,9.45,0.18176,173,1.000,1,1,5.45,2077,580,104
720,2829,,0.00000,0,0.000,16.008,0.00000,0.2119511868690872,9.45,0.17578,175,1.000,1,1,5.45,2124,601,104
730,2880,,0.00000,0,0.000,16.008,0.00000,0.20547991401424326,9.45,0.20174,178,1.000,1,1,5.45,2162,614,104
740,2951,,0.00000,0,0.000,16.008,0.00000,0.2048897907975564,10.45,0.19236,44,1.000,1,1,5.46,2211,636,104
750,3017,,0.00000,0,0.000,16.008,0.00000,0.21394860779977307,9.45,0.18562,193,1.000,2,2,10.27,2261,652,104
760,3075,,0.00000,0,0.000,16.008,0.00000,0.19666943070330453,9.45,0.17278,201,1.000,2,2,10.28,2300,671,104
770,3142,,0.00000,0,0.000,16.008,0.00000,0.19570225231547375,9.45,0.19115,197,1.000,2,2,10.26,2347,691,104
780,3205,,0.00000,0,0.000,16.008,0.00000,0.17716073434232166,9.45,0.15879,193,1.000,2,2,10.24,2391,710,104
790,3259,,0.00000,0,0.000,16.008,0.00000,0.15367200519952462,9.45,0.18302,207,1.000,2,2,10.22,2431,724,104
800,3322,,0.00000,0,0.000,16.008,0.00000,0.13464352141599156,9.45,0.16777,218,1.000,2,2,10.23,2473,743,106
810,3388,,0.00000,0,0.000,16.008,0.00000,0.12973805251394646,9.45,0.15749,229,1.000,2,2,10.25,2515,766,107
820,3460,,0.00000,0,0.000,16.008,0.00000,0.11980505478263889,9.45,0.16859,239,1.000,1,1,10.26,2560,793,107
830,3508,,0.00000,0,0.000,16.008,0.00000,0.08712428607247777,9.45,0.16118,239,1.000,1,1,10.29,2592,808,108
840,3569,,0.00000,0,0.000,16.008,0.00000,0.07507388161362913,9.45,0.15700,246,1.000,1,1,10.30,2633,828,108
850,3658,,0.00000,0,0.000,16.008,0.00000,0.07696683132588329,9.45,0.14323,249,1.000,1,1,10.28,2692,857,109
860,3717,,0.00000,0,0.000,16.008,0.00000,0.07227306203564793,9.45,0.14528,255,1.000,1,1,10.28,2735,873,109
870,3788,,0.00000,0,0.000,16.008,0.00000,0.11158115910147696,9.45,0.15414,268,1.000,1,1,10.26,2786,893,109
880,3881,,0.00000,0,0.000,16.008,0.00000,0.10128548159566,9.45,0.15214,278,1.000,1,1,10.22,2847,925,109
890,3949,,0.00000,0,0.000,16.008,0.00000,0.08602243221668232,9.45,0.15163,283,1.000,1,1,10.21,2894,945,110
900,4048,,0.00000,0,0.000,16.008,0.00000,0.09206406968448431,9.45,0.12277,290,1.000,1,1,10.18,2961,977,110
910,4132,,0.00000,1,1.000,16.008,0.00000,0.08574688103343413,9.45,0.13733,304,1.000,1,1,10.10,3011,1008,113
920,4198,,0.00000,1,1.000,16.008,0.00000,0.07367461088842854,9.45,0.11364,304,1.000,1,1,10.09,3055,1030,113
930,4290,,0.00000,1,1.000,16.008,0.00000,0.07570913564993922,9.45,0.10814,312,1.000,1,1,10.05,3117,1060,113
940,4368,,0.00000,1,1.000,16.008,0.00000,0.07857715187008854,9.45,0.13330,312,1.000,1,1,10.05,3169,1084,115
950,4455,,0.00000,1,1.000,16.008,0.00000,0.05893970337814565,9.45,0.08955,324,1.000,1,1,10.05,3225,1115,115
960,4542,,0.00000,1,1.000,16.008,0.00000,0.0618456420141162,9.45,0.11926,331,1.000,1,1,10.07,3282,1145,115
970,4608,,0.00000,1,1.000,16.008,0.00000,0.07125655304070903,9.45,0.13584,340,1.000,1,1,10.07,3332,1161,115
980,4694,,0.00000,0,0.000,16.008,0.00000,0.0611589532897843,9.45,0.14496,348,1.000,1,1,10.04,3385,1194,115
990,4781,,0.00000,0,0.000,16.008,0.00000,0.05550910969390557,9.45,0.13047,354,1.000,1,1,10.02,3439,1226,116
1000,4863,,0.00000,1,0.000,16.008,0.00000,0.06600692799223308,9.45,0.14952,366,1.000,1,1,10.02,3495,1252,116
1010,4967,,0.00000,1,0.000,16.008,0.00000,0.06025164822816339,9.45,0.16608,378,1.000,1,1,10.05,3565,1286,116
1020,5074,,0.00000,1,0.000,16.008,0.00000,0.058521326190447115,9.45,0.13274,395,1.000,1,1,10.04,3637,1319,118
1030,5190,,0.00000,1,0.000,16.008,0.00000,0.06394710594901518,9.45,0.13582,390,1.000,1,1,10.04,3715,1357,118
1040,5297,,0.00000,1,0.000,16.008,0.00000,0.05805697555506724,9.45,0.14038,393,1.000,1,1,10.04,3780,1399,118
1050,5388,,0.00000,1,0.000,16.008,0.00000,0.05475391655429043,9.45,0.14138,400,1.000,1,1,10.03,3842,1426,120
1060,5492,,0.00000,1,0.000,16.008,0.00000,0.06217316650636875,9.45,0.14082,406,1.000,1,1,10.01,3906,1464,122
1070,5597,,0.00000,1,0.000,16.008,0.00000,0.05888693030976693,9.45,0.14147,425,1.000,1,1,10.01,3977,1498,122
1080,5691,,0.00000,1,0.000,16.008,0.00000,0.07028134744664462,9.45,0.13700,433,1.000,1,1,10.06,4043,1526,122
1090,5772,,0.00000,2,0.500,16.007,0.00000,0.07370964403586104,9.95,0.14602,240,1.000,1,1,10.12,4093,1556,123
1100,5872,,0.00000,2,0.500,16.007,0.00000,0.055009094534579264,9.45,0.15837,465,1.000,1,1,10.16,4158,1591,123
1110,5995,,0.00000,2,0.500,16.007,0.00000,0.06219514920032298,9.45,0.14605,466,1.000,1,1,10.22,4238,1634,123
1120,6097,,0.00000,1,1.000,16.007,0.00000,0.060145645084689024,9.45,0.15687,475,1.000,1,0,0.00,4301,1671,125
1130,6176,,0.00000,2,1.000,16.007,0.00000,0.06308680435643275,9.45,0.15537,487,1.000,1,0,0.00,4355,1695,126
1140,6297,,0.00000,2,1.000,16.006,0.00000,0.06000685172357432,9.95,0.14201,301,1.000,1,0,0.00,4434,1736,127
1150,6385,,0.00000,2,1.000,16.006,0.00000,0.059241253807346246,10.45,0.15196,182,1.000,1,0,0.00,4495,1763,127
1160,6488,,0.00000,2,1.000,16.006,0.00000,0.06191686564129355,9.95,0.15332,313,1.000,1,0,0.00,4562,1799,127
1170,6612,,0.00000,2,0.500,16.006,0.00000,0.06160733974183993,9.95,0.15116,327,1.000,1,0,0.00,4648,1836,128
1180,6719,,0.00000,1,0.000,16.005,0.00000,0.06276419134470214,9.45,0.13469,565,1.000,1,0,0.00,4714,1877,128
1190,6839,,0.00000,1,0.000,16.005,0.00000,0.056811365343605404,9.45,0.11156,567,1.000,1,0,0.00,4795,1916,128
1200,6961,,0.00000,1,0.000,16.005,0.00000,0.0712134744976516,9.95,0.14118,385,1.000,1,0,0.00,4875,1958,128
1210,7089,,0.00000,1,0.000,16.005,0.00000,0.0571980300704867,9.95,0.16178,399,1.000,1,0,0.00,4954,2005,130
1220,7210,,0.00000,1,0.000,16.004,0.00000,0.05789171988847135,10.45,0.15091,248,1.000,1,0,0.00,5039,2041,130
1230,7335,,0.00000,1,0.000,16.004,0.00000,0.0557706055687103,10.45,0.15178,271,1.000,1,0,0.00,5123,2082,130
1240,7450,,0.00000,2,0.500,16.004,0.00000,0.05930690076510618,9.95,0.13642,405,1.000,1,1,9.41,5195,2122,133
1250,7583,,0.00000,2,0.500,16.004,0.00000,0.05548295320901892,9.45,0.11357,662,1.000,1,1,9.53,5283,2165,135
1260,7698,,0.00000,2,0.500,16.003,0.00000,0.05525259516622655,9.45,0.11007,671,1.000,1,1,9.63,5353,2210,135
1270,7830,,0.00000,2,0.500,16.003,0.00000,0.048316247939370685,9.45,0.13223,697,1.000,1,1,9.71,5438,2256,136
1280,7953,,0.00000,2,0.500,16.002,0.00000,0.06614770389293943,9.95,0.14746,480,1.000,1,1,9.80,5516,2300,137
1290,8087,,0.00000,2,0.500,16.002,0.00000,0.054529529873658916,9.45,0.13260,748,1.000,1,1,9.94,5603,2343,141
1300,8196,,0.00000,2,0.500,16.001,0.00000,0.05586757503120152,9.45,0.12248,762,1.000,1,1,10.18,5677,2376,143
1310,8338,,0.00000,2,0.500,16.000,0.00000,0.0566241854507286,9.45,0.11624,756,1.000,1,1,10.38,5778,2415,145
1320,8474,,0.00000,2,0.500,15.999,0.00000,0.047064001630186966,9.45,0.11591,745,1.000,1,0,0.00,5873,2456,145
1330,8578,,0.00000,2,0.500,15.998,0.00000,0.03798441101185574,9.45,0.10757,730,1.000,1,1,9.41,5943,2490,145
1340,8733,,0.00000,1,0.000,15.997,0.00000,0.03485355025978113,9.45,0.11959,731,1.000,1,1,9.88,6043,2544,146
1350,8865,,0.00000,1,0.000,15.996,0.00000,0.05386143664962526,9.45,0.13401,739,1.000,1,1,10.32,6132,2585,148
1360,9003,,0.00000,1,0.000,15.996,0.00000,0.06578166497165477,9.45,0.12949,727,1.000,1,0,0.00,6222,2630,151
1370,9101,,0.00000,1,0.000,15.995,0.00000,0.050994985955744705,9.45,0.14276,714,1.000,1,0,0.00,6294,2655,152
1380,9252,,0.00000,1,0.000,15.995,0.00000,0.04885914400513097,9.45,0.12597,739,1.000,1,1,9.34,6397,2701,154
1390,9408,,0.00023,2,0.500,15.994,0.00047,0.04616273787894864,10.45,0.15602,349,1.000,1,1,9.39,6501,2750,157
1400,9535,,0.00030,2,1.000,15.994,0.00059,0.05460884187818153,9.45,0.12334,789,1.000,1,1,9.84,6589,2789,157
1410,9669,,0.00027,3,1.000,15.994,0.00080,0.056794402651137915,9.45,0.12118,805,1.000,1,1,10.21,6679,2833,157
1420,9810,,0.00033,3,1.000,15.993,0.00098,0.05425076097312422,13.95,0.25169,38,1.000,1,1,10.53,6766,2887,157
1430,9957,,0.00000,1,1.000,15.994,0.00000,0.046109571727880126,9.45,0.09077,828,1.000,1,1,10.76,6865,2932,160
1440,10103,,0.00000,1,1.000,15.994,0.00000,0.05159958562280178,9.45,0.12252,857,1.000,1,0,0.00,6965,2977,161
1450,10243,,0.00000,1,1.000,15.994,0.00000,0.0524655000785371,9.45,0.10059,888,1.000,1,0,0.00,7062,3020,161
1460,10367,,0.00003,1,1.000,15.994,0.00003,0.04302164686888314,16.95,0.13350,8,1.000,1,0,0.00,7148,3056,163
1470,10514,,0.00003,1,1.000,15.995,0.00003,0.04539926242055225,9.45,0.10863,928,1.000,1,0,0.00,7240,3107,167
1480,10637,,0.00000,0,0.000,15.995,0.00000,0.05585964150201995,9.95,0.10573,669,1.000,1,1,10.72,7326,3143,168
1490,10782,,0.00000,0,0.000,15.995,0.00000,0.0596171302062081,9.45,0.11135,933,1.000,1,1,10.50,7424,3190,168
1500,10956,,0.00000,0,0.000,15.996,0.00000,0.055216038071651014,9.45,0.08966,977,1.000,1,1,10.19,7544,3241,171
1510,11081,,0.00000,0,0.000,15.997,0.00000,0.05939787872004244,9.45,0.11137,980,1.000,1,1,9.98,7625,3280,176
1520,11215,,0.00000,1,0.000,15.997,0.00000,0.0702347107528985,9.45,0.12925,990,1.000,1,1,10.13,7715,3320,180
1530,11360,,0.00000,1,0.000,15.998,0.00000,0.0738506262081138,9.45,0.11686,1002,1.000,1,1,10.24,7806,3373,181
1540,11511,,0.00000,1,0.000,15.999,0.00000,0.07991320782912799,9.95,0.10428,728,1.000,1,1,10.28,7909,3419,183
1550,11651,,0.00000,1,0.000,15.999,0.00000,0.07981401110146853,9.45,0.13454,1052,1.000,1,1,10.26,8002,3465,184
1560,11782,,0.00000,2,0.500,15.999,0.00000,0.0945592217958718,9.45,0.11455,1067,1.000,2,2,10.16,8086,3512,184
1570,11937,,0.00000,2,0.500,16.000,0.00000,0.10662555403039196,15.95,0.23017,17,1.000,1,1,6.65,8178,3574,185
1580,12083,,0.00000,3,0.667,16.000,0.00000,0.1135743662736173,9.45,0.13854,1206,1.000,1,1,6.80,8276,3622,185
1590,12233,0.5034375890780636,0.00000,5,0.800,16.000,0.00000,0.13488441916942667,10.45,0.15993,584,1.000,1,1,6.88,8379,3664,190
1600,12384,0.5017905974861292,0.00000,6,0.833,16.000,0.00000,0.1325538460905528,9.45,0.12108,1174,1.000,1,1,6.90,8476,3718,190
1610,12499,0.4744775301423234,0.00000,5,0.800,16.000,0.00000,0.13485226671011077,16.95,0.12546,7,1.000,1,1,6.86,8552,3752,195
1620,12655,0.45008058307635623,0.00000,6,0.833,16.000,0.00000,0.1410493413850513,9.95,0.11539,944,1.000,1,1,6.77,8657,3803,195
1630,12809,0.49302249950770693,0.00000,5,0.800,16.000,0.00000,0.11055598441041738,9.95,0.12785,910,1.000,1,1,6.64,8755,3858,196
1640,12950,0.22411193458176545,0.00000,5,0.800,16.000,0.00000,0.09488193594618592,9.45,0.10890,1151,1.000,1,1,6.74,8854,3899,197
1650,13121,0.48538207368960945,0.00000,4,0.750,16.000,0.00000,0.04969966943300799,9.45,0.09658,1170,1.000,1,1,6.83,8967,3955,199
1660,13274,,0.00000,2,1.000,16.000,0.00000,0.07461636051012828,11.95,0.21352,309,1.000,1,1,6.88,9070,4004,200
1670,13426,,0.00000,1,1.000,16.000,0.00000,0.1044285086142223,9.45,0.11002,1132,1.000,1,1,6.91,9165,4060,201
1680,13598,,0.00136,1,1.000,15.999,0.00136,0.12224822907422549,9.95,0.11579,937,1.000,1,1,6.91,9278,4119,201
1690,13762,,0.00049,3,1.000,15.999,0.00147,0.10801433437158604,9.45,0.12661,1165,1.000,1,1,6.89,9391,4169,202
1700,13933,,0.00048,3,1.000,15.999,0.00142,0.07924117421691364,9.95,0.12358,977,1.000,1,1,6.85,9498,4233,202
1710,14069,,0.00001,2,1.000,15.999,0.00003,0.10485549906138983,9.45,0.10447,1158,1.000,1,1,6.77,9586,4281,202
1720,14238,0.32807044542009395,0.00081,4,1.000,15.999,0.00270,0.1284381622193644,9.45,0.09738,1160,1.000,1,1,6.67,9685,4348,205
1730,14423,,0.00163,2,1.000,15.999,0.00326,0.11492165295656491,9.45,0.10341,1139,1.000,1,1,6.57,9800,4418,205
1740,14581,,0.00120,3,0.667,15.999,0.00359,0.08139542357988867,9.45,0.10203,1116,1.000,1,1,6.43,9902,4474,205
1750,14728,,0.00125,3,0.667,15.999,0.00373,0.12591152540171147,9.45,0.09417,1121,1.000,1,1,6.28,9995,4528,205
1760,14887,0.6110421560984068,0.00096,4,0.750,15.998,0.00359,0.13918635514071462,9.45,0.10786,1141,1.000,1,1,6.36,10092,4590,205
1770,15067,0.5176902086586933,0.00062,10,0.900,15.998,0.00274,0.1322476750553296,9.45,0.10949,1140,1.000,1,1,6.86,10206,4656,205
1780,15219,0.49713530922125326,0.00030,9,0.889,15.998,0.00182,0.1302652770539898,11.95,0.21757,403,1.000,1,1,5.34,10305,4709,205
1790,15393,0.3667999570786489,0.00008,10,0.900,15.998,0.00058,0.13061134062277055,16.95,0.24807,34,1.000,1,1,5.75,10422,4765,206
1800,15558,0.4343921038205763,0.00005,9,1.000,15.998,0.00031,0.13924079695619468,16.95,0.25200,42,1.000,1,1,6.15,10518,4832,208
1810,15712,0.4875309779048448,0.00019,10,1.000,15.998,0.00139,0.15875793936621635,12.45,0.27174,341,1.000,1,1,6.55,10613,4889,210
1820,15872,0.38824651749303724,0.00012,9,1.000,15.998,0.00092,0.1493765360880224,17.45,0.31542,28,1.000,1,1,6.95,10716,4944,212
1830,16019,0.6468768975696941,0.00007,8,1.000,15.999,0.00046,0.16779243500458543,14.95,0.41570,93,1.000,1,1,7.35,10811,4996,212
1840,16154,0.36543039736571586,0.00003,4,1.000,16.000,0.00013,0.1715468498011373,16.45,0.30015,56,1.000,1,1,4.79,10899,5041,214
1850,16299,0.3363385272324147,0.22845,12,0.917,16.001,2.74141,0.17715394649066785,18.95,0.08365,23,1.000,1,1,4.94,10989,5095,215
1860,16462,0.5188052765639491,0.40480,12,0.833,16.003,4.85757,0.1892793068629356,17.45,0.41864,37,1.000,1,1,5.03,11095,5152,215
1870,16634,0.37054473960884676,0.35966,11,0.818,16.004,3.95624,0.1874898968501282,19.45,0.51064,25,1.000,1,1,5.07,11198,5221,215
1880,16824,0.3698057424112218,0.12851,12,0.833,16.005,1.54200,0.20214915054538038,20.45,0.23340,22,1.000,1,1,5.06,11322,5287,215
1890,17001,0.3270186107395255,0.02926,14,0.857,16.006,0.40954,0.19145627060423387,20.45,0.28396,13,1.000,1,1,5.00,11443,5343,215
1900,17130,0.4975238414155399,0.01129,12,0.750,16.006,0.06840,0.18302479744613365,17.95,0.39077,39,1.000,1,1,4.91,11527,5387,216
1910,17300,0.38348072123693433,0.00252,15,0.733,16.006,0.03123,0.18111610329983868,20.45,0.45590,28,1.000,2,2,10.68,11633,5451,216
1920,17460,0.33816868652358517,0.00764,14,0.714,16.005,0.10376,0.16989568968002655,18.45,0.12078,35,1.000,2,2,10.60,11736,5505,219
1930,17594,0.24811369627750113,0.00340,18,0.778,16.005,0.05719,0.18399970714083416,16.45,0.33955,58,1.000,2,2,10.55,11823,5550,221
1940,17741,0.3185228509673213,0.00174,20,0.800,16.005,0.03291,0.17980500679513217,23.45,0.44591,15,1.000,2,2,10.44,11927,5589,225
1950,17898,0.2874676951286942,0.00006,21,0.857,16.005,0.00104,0.20921750090155114,15.95,0.33901,87,1.000,2,2,10.27,12031,5642,225
1960,18064,0.31440320381128567,0.00003,24,0.875,16.005,0.00037,0.20349039620183187,10.95,0.19622,765,1.000,2,2,10.53,12128,5709,227
1970,18237,0.39790407864264904,0.00003,26,0.846,16.005,0.00043,0.2248134778617713,13.45,0.33775,268,1.000,2,2,10.93,12237,5773,227
1980,18388,0.3937068856756941,0.00007,24,0.875,16.004,0.00121,0.22012371140595915,11.45,0.24513,655,1.000,2,2,11.39,12324,5837,227
1990,18542,0.30788721584175793,0.00018,17,0.765,16.004,0.00125,0.2254462344255301,14.45,0.34633,185,1.000,1,1,11.87,12419,5892,231
2000,18703,0.5066986400244826,0.00170,17,0.765,16.003,0.02564,0.2194481560113109,16.45,0.36963,98,1.000,1,1,8.87,12513,5958,232
