# RUN_PARAMS {"alfanat":0.0,"batch":true,"bussola":1,"calore_scal":false,"calore_vett":false,"chi_basc":false,"chi_core":false,"chi_da_spinore":false,"coppia":1.0,"costanti_effettive":{"CS_M":2.0,"GAMMA":0.05,"K_C":2.0,"LAM":0.8,"PHI_CRIT":6.283185307179586,"SCALA_B":1.0},"cs_dinamico":false,"csv":"csv/deparam_bracci/cond_B.csv","da_libera":false,"db_cleanup":false,"db_ogni":200,"denoise":false,"deparam_orologio":true,"diaglog":"csv/deparam_bracci/B.csv","diffres":0.0,"dpi":100,"dt":null,"elast_c":null,"fps":20,"frames":0,"gamma":0.05,"giri":1.0,"guscio_morbido":false,"ham":0.0,"kfrange":0.0,"kuramoto_su2":true,"lam":0.8,"leggi_attive":{"CHI_BASC":false,"CHI_CORE":false,"CS_DINAMICO":false,"LS_AZIM":false,"OLON_PART":true,"PAV_COM":false,"PLAST_DIN":false,"POLO_MATURO":false,"REGIME":"deterministico","SPINORE":true,"SPINORE_VIVO":true,"SPIN_FEEDBACK":false,"SPIN_LARMOR":false,"SYNC_UPDATE":true,"TAU_USA_D0":false,"VERLET":false,"VERSO_CHI":false,"VIRIALE":true,"ZETA_LOC":false,"ZETA_VIR":false},"ls_azim":false,"maxnodi":4000000,"mitmax":0,"mupsi":-0.05,"nmasse":2,"nmasse_effettive":2,"nodi":900,"ogni":10,"ogni_effettivo":10,"olon_part":true,"out":null,"passi":800,"passi_effettivi":800,"passi_per_frame":null,"pav_com":false,"plam":1.0,"plast_din":false,"plastmit":0.0,"polo_maturo":false,"regime":null,"scala":1.0,"scuotimento":false,"seed":1,"seed_effettivo":1,"sep":6.0,"sep_effettivo":6.0,"size":null,"solo_materia":false,"spin_feedback":false,"spin_larmor":false,"spin_positivi":false,"spinore_corretto":true,"spinore_vivo":true,"sync":true,"sync_db":"csv/deparam_bracci/db_B.pkl","sync_fase_orologio":false,"sync_spinore":false,"tau_d0":false,"tauloc":1.0,"tempo_proprio_orientato":false,"test":null,"tw_spinore":false,"verlet":false,"verso_chi":false,"viriale":true,"vista_rete":false,"zeta":0.75,"zeta_loc":false,"zeta_vir":false}
passo,n_tot,ord_centrale,dens_centrale,n_centrali,frac_nati_centrali,dist_masse,dens_picco_centrale,ord_masse,antiguscio_raggio,antiguscio_coerenza_min,antiguscio_nodi,antiguscio_tau,picchi_totali,picchi_nuovi,raggio_picco_nuovo
0,824,0.514786622316505,0.00000,9,0.000,12.038,0.00000,0.998737637503049,8.25,0.33844,6,0.000,1,1,1.72,744,0,80
10,923,0.5769206503450586,0.00000,8,0.000,12.038,0.00000,0.8594224727775497,8.25,0.36789,6,1.413,1,0,0.00,823,20,80
20,1285,0.9804607804637124,0.00000,5,0.000,12.038,0.00000,0.6426685235012326,8.25,0.30150,6,1.412,1,0,0.00,1105,100,80
30,1522,,0.00000,4,0.000,12.038,0.00000,0.5166217761425872,3.25,0.20918,4,1.413,1,0,0.00,1276,166,80
40,1669,,0.00000,4,0.000,12.038,0.00000,0.4106185185782066,8.25,0.21512,10,1.401,1,0,0.00,1384,205,80
50,1755,,0.00000,4,0.000,12.038,0.00000,0.3677195515902285,0.75,0.28182,514,0.905,1,0,0.00,1449,226,80
60,1832,,0.00000,4,0.000,12.038,0.00000,0.33931504771507165,4.75,0.24183,7,1.414,1,0,0.00,1506,246,80
70,1857,,0.00000,4,0.000,12.038,0.00000,0.34066572509189513,12.75,0.26236,93,0.879,1,0,0.00,1524,253,80
80,1867,,0.00000,4,0.000,12.038,0.00000,0.3262506436175704,7.75,0.22996,8,1.414,2,0,0.00,1529,258,80
90,1885,,0.00000,4,0.000,12.038,0.00000,0.3052522979057336,11.25,0.21699,52,1.016,2,0,0.00,1542,263,80
100,1934,0.785285472639,0.00000,5,0.000,12.038,0.00000,0.2779587191681642,11.25,0.20811,54,0.991,2,0,0.00,1578,276,80
110,1949,0.34223806895395725,0.00000,5,0.000,12.038,0.00000,0.27511348716786943,11.25,0.20033,56,1.008,2,0,0.00,1586,283,80
120,1963,0.3951309156897363,0.00000,5,0.000,12.038,0.00000,0.2768161802464961,11.25,0.19474,56,1.017,2,0,0.00,1596,287,80
130,1969,0.38944886189721317,0.00000,5,0.000,12.038,0.00000,0.26623652575670625,11.25,0.18267,57,1.064,2,0,0.00,1599,290,80
140,1984,0.4497544952125113,0.00000,5,0.000,12.038,0.00000,0.2707744136192946,11.25,0.17386,57,1.126,2,0,0.00,1610,294,80
150,1990,0.28976924758454126,0.00000,5,0.000,12.038,0.00000,0.26437119271886855,11.25,0.14628,60,0.852,2,0,0.00,1614,296,80
160,1999,0.34815159717063887,0.00000,5,0.000,12.038,0.00000,0.27439049954687317,11.25,0.12916,60,0.813,2,0,0.00,1619,300,80
170,2006,0.5758175799766678,0.00000,5,0.000,12.038,0.00000,0.2717370271763605,11.25,0.12753,59,1.144,1,0,0.00,1623,303,80
180,2009,0.9036340078510233,0.00000,5,0.000,12.038,0.00000,0.27387044892894297,11.25,0.08330,57,1.058,1,0,0.00,1625,304,80
190,2017,0.7470547539309772,0.00000,7,0.000,12.038,0.00000,0.2756793165984467,11.25,0.04873,57,1.326,1,0,0.00,1629,308,80
200,2025,0.3592260341602676,0.00000,7,0.000,12.037,0.00001,0.27663481911083737,12.75,0.03607,96,1.079,2,0,0.00,1635,310,80
210,2034,0.43207509643812275,0.00000,7,0.000,12.037,0.00000,0.27035274186872427,12.75,0.06958,97,0.914,1,0,0.00,1642,312,80
220,2041,0.6673501793389512,0.00000,7,0.000,12.037,0.00000,0.261442540591532,12.75,0.10428,97,0.729,1,0,0.00,1646,315,80
230,2048,0.5571253972128938,0.00000,7,0.000,12.037,0.00000,0.2510989506698238,12.75,0.13354,97,0.596,1,0,0.00,1652,316,80
240,2068,0.7079598107683754,0.00000,7,0.000,12.037,0.00001,0.1823564274227882,12.75,0.15860,101,0.540,1,0,0.00,1664,324,80
250,2093,0.6474133880773751,0.00000,8,0.000,12.037,0.00001,0.14681291599664234,7.75,0.11472,7,1.385,1,0,0.00,1682,331,80
260,2108,0.2394280276935565,0.00001,8,0.000,12.037,0.00003,0.09546574787927614,11.75,0.06626,310,1.171,1,0,0.00,1695,333,80
270,2120,0.2377943808616145,0.00000,8,0.000,12.037,0.00001,0.16947167597590032,6.75,0.10567,9,1.413,1,0,0.00,1704,336,80
280,2123,0.7946354110017436,0.00001,8,0.000,12.037,0.00002,0.2047441975370877,4.75,0.04455,6,1.383,1,0,0.00,1705,338,80
290,2125,0.36484701322282215,0.00000,8,0.000,12.037,0.00001,0.25147913863661464,4.75,0.20067,6,1.414,2,0,0.00,1707,338,80
300,2130,0.33039344730181486,0.00002,8,0.000,12.037,0.00004,0.28245001094564115,12.75,0.20873,109,0.575,2,0,0.00,1711,339,80
310,2132,0.280930695258931,0.00000,8,0.000,12.037,0.00001,0.31662257935529947,12.75,0.18449,111,0.539,2,0,0.00,1713,339,80
320,2141,0.4970917902366407,0.00001,8,0.000,12.037,0.00005,0.33983079425712276,12.75,0.15777,113,0.722,2,0,0.00,1719,342,80
330,2153,0.6157481868505247,0.00001,9,0.000,12.037,0.00002,0.37128662473768187,6.75,0.17465,8,1.414,2,0,0.00,1728,345,80
340,2160,0.2735035563310435,0.00001,9,0.000,12.037,0.00003,0.3865507168481328,6.75,0.14698,10,1.414,2,0,0.00,1732,348,80
350,2166,0.591454680790194,0.00001,9,0.000,12.037,0.00002,0.39719716853955056,4.75,0.24833,5,1.413,2,0,0.00,1737,349,80
360,2178,0.6320999546279346,0.00003,9,0.000,12.037,0.00008,0.3991427484123528,12.75,0.11052,118,0.989,1,0,0.00,1745,353,80
370,2187,0.5637092654918903,0.00002,9,0.000,12.036,0.00005,0.40025110630621,12.75,0.11362,120,1.105,1,0,0.00,1752,355,80
380,2196,0.7468736436616633,0.00002,9,0.000,12.036,0.00004,0.3936345556153645,12.75,0.08647,120,1.184,1,0,0.00,1758,358,80
390,2208,0.7426032474714712,0.00003,9,0.000,12.036,0.00008,0.3824986539308864,12.75,0.08349,120,1.118,1,0,0.00,1767,361,80
400,2221,0.431931285908994,0.00001,10,0.000,12.036,0.00004,0.3702198210048158,11.25,0.09854,62,1.253,1,0,0.00,1776,365,80
410,2225,0.596054633424455,0.00005,10,0.000,12.036,0.00011,0.37565541036296146,11.75,0.09237,428,1.142,1,0,0.00,1778,367,80
420,2234,0.30894114270692824,0.00002,10,0.000,12.036,0.00005,0.361694259743673,11.75,0.08395,432,1.164,1,0,0.00,1785,369,80
430,2240,0.7522936023688285,0.00002,10,0.000,12.036,0.00008,0.36452525240491424,12.75,0.09607,127,1.085,1,0,0.00,1789,371,80
440,2251,0.4267789920498679,0.00004,10,0.000,12.036,0.00010,0.359045899954763,6.75,0.33892,9,1.414,1,0,0.00,1797,374,80
450,2257,0.4570757793166179,0.00003,10,0.000,12.036,0.00010,0.3560263703004911,12.75,0.07733,129,0.979,2,0,0.00,1800,377,80
460,2264,0.6282789277519797,0.00004,10,0.000,12.036,0.00012,0.3461416584130421,7.25,0.16862,6,1.414,2,0,0.00,1805,379,80
470,2267,0.6841585828952683,0.00012,10,0.000,12.036,0.00022,0.3497475327537286,4.75,0.04567,4,1.412,2,0,0.00,1808,379,80
480,2275,0.783016415468521,0.00005,9,0.000,12.036,0.00020,0.34189298295441567,12.75,0.09888,132,0.662,2,0,0.00,1815,380,80
490,2280,0.6500735495678786,0.00007,8,0.000,12.036,0.00019,0.3403601754790329,0.75,0.14878,696,0.786,2,0,0.00,1817,383,80
500,2286,0.5635058094307844,0.00010,8,0.000,12.036,0.00019,0.3033434310120753,12.75,0.12756,132,0.550,2,0,0.00,1819,387,80
510,2297,0.3086409891096719,0.00008,8,0.000,12.036,0.00018,0.2927142469620691,12.75,0.13776,134,0.545,2,0,0.00,1825,392,80
520,2305,0.5366256763466494,0.00008,8,0.000,12.035,0.00023,0.25530444351700404,12.75,0.14916,134,0.540,2,0,0.00,1829,396,80
530,2310,0.7146808483444265,0.00002,9,0.000,12.035,0.00005,0.22395373169103536,12.75,0.13698,135,0.588,2,0,0.00,1831,398,81
540,2321,0.4965868101477961,0.00013,8,0.000,12.035,0.00042,0.22176570592572686,8.25,0.11034,9,1.411,1,0,0.00,1840,400,81
550,2328,0.6619524727540587,0.00028,8,0.000,12.035,0.00052,0.1840359992399305,10.75,0.10238,8,1.313,1,0,0.00,1845,402,81
560,2330,0.33112474252727414,0.00015,8,0.000,12.035,0.00046,0.1514991454183957,10.75,0.11585,9,1.174,1,0,0.00,1847,402,81
570,2354,0.6928203982389856,0.00004,8,0.000,12.035,0.00020,0.1585441336664643,12.75,0.13885,137,0.423,1,0,0.00,1863,410,81
580,2373,0.4538952335345995,0.00012,8,0.000,12.035,0.00043,0.15690078738854257,12.75,0.14055,139,0.450,1,0,0.00,1875,417,81
590,2385,0.21624298565737418,0.00009,8,0.000,12.035,0.00018,0.12839127517610094,12.75,0.12187,150,1.104,1,0,0.00,1884,420,81
600,2389,0.258531351261193,0.00011,8,0.000,12.035,0.00026,0.11580475289734143,12.75,0.10444,154,1.036,2,0,0.00,1887,421,81
610,2399,0.5882995996029056,0.00010,8,0.000,12.035,0.00040,0.10252252850639404,12.25,0.09350,451,1.056,2,0,0.00,1895,423,81
620,2407,0.22226424935610226,0.00013,9,0.000,12.035,0.00036,0.10101864737563332,11.75,0.08577,331,0.997,2,0,0.00,1902,424,81
630,2421,0.5531799563245444,0.00006,8,0.000,12.035,0.00016,0.10088225500494992,11.75,0.08248,335,1.031,2,0,0.00,1912,428,81
640,2433,0.7671495536587539,0.00049,9,0.000,12.035,0.00107,0.12154710373191274,11.25,0.09020,86,1.008,2,0,0.00,1919,433,81
650,2437,0.6631806840540336,0.00033,9,0.000,12.035,0.00098,0.14693689913243216,11.25,0.10895,87,0.846,2,0,0.00,1923,433,81
660,2440,0.6966967402506403,0.00021,10,0.000,12.034,0.00035,0.16887019097401157,11.25,0.12746,89,0.936,2,0,0.00,1924,435,81
670,2442,0.4139314828078465,0.00023,10,0.000,12.034,0.00074,0.19250392955679646,11.25,0.14285,88,1.068,2,0,0.00,1926,435,81
680,2448,0.8027043777107902,0.00012,10,0.000,12.034,0.00035,0.21874753402876743,6.25,0.11227,8,1.344,2,0,0.00,1931,436,81
690,2459,0.39911977379014335,0.00018,10,0.000,12.034,0.00045,0.23758439390646047,11.25,0.19790,87,1.044,2,0,0.00,1940,438,81
700,2465,0.47231569106952365,0.00041,10,0.000,12.034,0.00075,0.2621272801625409,11.25,0.22080,87,0.963,2,0,0.00,1945,439,81
710,2469,0.5294443721230707,0.00010,10,0.000,12.034,0.00029,0.2524988915965457,7.25,0.20664,7,1.411,2,0,0.00,1947,441,81
720,2482,0.5970192971623772,0.00071,10,0.000,12.034,0.00142,0.2489774021305999,7.25,0.13529,7,1.414,2,0,0.00,1954,447,81
730,2485,0.6596730924526875,0.00033,10,0.000,12.034,0.00100,0.2683515939187356,10.25,0.10263,6,0.870,2,0,0.00,1957,447,81
740,2493,0.3852157368052356,0.00028,10,0.000,12.034,0.00082,0.2802193663494235,7.25,0.18014,6,1.414,2,0,0.00,1961,451,81
750,2499,0.3485925988283263,0.00037,10,0.000,12.034,0.00092,0.2831596808904615,10.25,0.11974,7,1.132,2,0,0.00,1965,453,81
760,2508,0.6101478307992002,0.00073,10,0.000,12.034,0.00149,0.2888220120384257,10.25,0.17425,6,0.950,2,0,0.00,1973,454,81
770,2521,0.5348017293822007,0.00072,10,0.000,12.034,0.00212,0.29412655983874614,7.75,0.23203,6,1.414,2,0,0.00,1982,458,81
780,2531,0.3722677993992127,0.00055,10,0.000,12.034,0.00136,0.2893948594615795,12.75,0.24267,166,0.734,2,0,0.00,1988,462,81
790,2542,0.32000699845290914,0.00041,10,0.000,12.034,0.00121,0.28047476345633593,8.25,0.18648,9,1.405,2,0,0.00,1995,466,81
800,2555,0.5689147106678147,0.00043,10,0.000,12.034,0.00114,0.27235828183455935,13.25,0.24323,5,1.101,2,0,0.00,2003,471,81
