# RUN_PARAMS {"alfanat":0.0,"batch":true,"bussola":1,"calore_scal":false,"calore_vett":false,"chi_basc":true,"chi_core":false,"chi_da_spinore":false,"coppia":1.0,"costanti_effettive":{"CS_M":2.0,"GAMMA":0.05,"K_C":2.0,"LAM":0.8,"PHI_CRIT":6.283185307179586,"SCALA_B":1.0},"cs_dinamico":false,"csv":"csv/deparam_bracci/cond_C.csv","da_libera":false,"db_cleanup":false,"db_ogni":200,"denoise":false,"deparam_orologio":true,"diaglog":"csv/deparam_bracci/C.csv","diffres":0.0,"dpi":100,"dt":null,"elast_c":null,"fps":20,"frames":0,"gamma":0.05,"giri":1.0,"guscio_morbido":false,"ham":0.0,"kfrange":0.0,"kuramoto_su2":true,"lam":0.8,"leggi_attive":{"CHI_BASC":true,"CHI_CORE":false,"CS_DINAMICO":false,"LS_AZIM":false,"OLON_PART":true,"PAV_COM":false,"PLAST_DIN":false,"POLO_MATURO":false,"REGIME":"deterministico","SPINORE":true,"SPINORE_VIVO":true,"SPIN_FEEDBACK":false,"SPIN_LARMOR":false,"SYNC_UPDATE":true,"TAU_USA_D0":false,"VERLET":false,"VERSO_CHI":false,"VIRIALE":true,"ZETA_LOC":false,"ZETA_VIR":false},"ls_azim":false,"maxnodi":4000000,"mitmax":0,"mupsi":-0.05,"nmasse":2,"nmasse_effettive":2,"nodi":900,"ogni":10,"ogni_effettivo":10,"olon_part":true,"out":null,"passi":800,"passi_effettivi":800,"passi_per_frame":null,"pav_com":false,"plam":1.0,"plast_din":false,"plastmit":0.0,"polo_maturo":false,"regime":null,"scala":1.0,"scuotimento":false,"seed":1,"seed_effettivo":1,"sep":6.0,"sep_effettivo":6.0,"size":null,"solo_materia":false,"spin_feedback":false,"spin_larmor":false,"spin_positivi":false,"spinore_corretto":true,"spinore_vivo":true,"sync":true,"sync_db":"csv/deparam_bracci/db_C.pkl","sync_fase_orologio":false,"sync_spinore":false,"tau_d0":false,"tauloc":1.0,"tempo_proprio_orientato":false,"test":null,"tw_spinore":false,"verlet":false,"verso_chi":false,"viriale":true,"vista_rete":false,"zeta":0.75,"zeta_loc":false,"zeta_vir":false}
passo,n_tot,ord_centrale,dens_centrale,n_centrali,frac_nati_centrali,dist_masse,dens_picco_centrale,ord_masse,antiguscio_raggio,antiguscio_coerenza_min,antiguscio_nodi,antiguscio_tau,picchi_totali,picchi_nuovi,raggio_picco_nuovo
0,826,0.40059805042068547,0.00000,9,0.000,12.033,0.00000,0.9986765552306113,5.25,0.34366,8,0.000,2,2,3.47,744,0,82
10,828,0.2129096172415461,0.00000,9,0.000,12.033,0.00000,0.9895845902852224,5.75,0.07408,4,1.414,1,0,0.00,744,0,84
20,828,0.6163870356618852,0.00000,9,0.000,12.033,0.00000,0.9819070552052159,9.25,0.21941,5,1.414,1,0,0.00,744,0,84
30,829,0.4939535385366466,0.00000,9,0.000,12.033,0.00000,0.9786641783280416,5.75,0.23446,4,1.414,1,0,0.00,744,0,85
40,829,0.6177153580137476,0.00000,9,0.000,12.033,0.00000,0.978730874488793,3.25,0.29264,4,1.414,1,0,0.00,744,0,85
50,829,0.18998865563533962,0.00000,9,0.000,12.033,0.00000,0.9729039400451515,5.25,0.08333,5,1.413,1,0,0.00,744,0,85
60,829,0.4768273000737271,0.00000,9,0.000,12.033,0.00000,0.972026602352361,5.25,0.31245,4,1.414,1,0,0.00,744,0,85
70,831,0.7079874654141298,0.00000,9,0.000,12.033,0.00000,0.9722301519167462,4.75,0.29528,7,1.414,1,0,0.00,744,0,87
80,831,0.6950664606404267,0.00000,10,0.000,12.033,0.00000,0.9698724899242986,4.75,0.22339,7,1.414,1,0,0.00,744,0,87
90,831,0.5887149566061296,0.00000,11,0.000,12.033,0.00000,0.9632419407483748,4.75,0.11852,7,1.414,1,0,0.00,744,0,87
100,831,0.2283172094736113,0.00000,12,0.000,12.033,0.00000,0.9440720377340531,7.75,0.09984,8,1.414,1,0,0.00,744,0,87
110,831,0.7771125633890519,0.00000,12,0.000,12.033,0.00000,0.9367626298121047,8.25,0.27877,11,1.414,1,0,0.00,744,0,87
120,831,0.6839278645545583,0.00000,12,0.000,12.033,0.00000,0.920328400848645,5.25,0.24077,8,1.414,1,0,0.00,744,0,87
130,832,0.2063826247694143,0.00000,12,0.000,12.033,0.00000,0.9108875322501331,6.75,0.09739,11,1.414,2,0,0.00,744,0,88
140,833,0.38214379453024694,0.00000,12,0.000,12.033,0.00000,0.9041675510168509,4.25,0.36486,4,1.414,2,0,0.00,744,0,89
150,834,0.4872549146916767,0.00000,12,0.000,12.032,0.00000,0.8854116935763465,9.25,0.22286,5,1.397,2,0,0.00,744,0,90
160,834,0.4863249825271396,0.00000,12,0.000,12.032,0.00000,0.8740307097750042,4.25,0.21094,9,1.414,2,0,0.00,744,0,90
170,834,0.30958035433907694,0.00000,11,0.000,12.032,0.00000,0.856162032419494,5.75,0.14274,4,1.414,2,0,0.00,744,0,90
180,834,0.3807247219365108,0.00000,11,0.000,12.032,0.00000,0.8320917112008064,7.25,0.20102,10,1.414,2,0,0.00,744,0,90
190,834,0.48608077943416045,0.00000,11,0.000,12.032,0.00000,0.8061749053820373,9.25,0.04877,5,1.414,2,0,0.00,744,0,90
200,835,0.3892506507478166,0.00000,10,0.000,12.032,0.00000,0.7983013467377705,5.25,0.34892,8,1.414,2,0,0.00,744,0,91
210,836,0.4780623545098287,0.00000,10,0.000,12.032,0.00000,0.7584004572052985,6.25,0.25131,6,1.414,2,0,0.00,745,0,91
220,836,0.6940825220676227,0.00001,10,0.000,12.032,0.00001,0.7464339491948266,4.25,0.30726,5,1.414,2,0,0.00,745,0,91
230,837,0.7139514216876277,0.00000,10,0.000,12.032,0.00001,0.7217929017412652,6.25,0.34762,8,1.414,2,0,0.00,745,0,92
240,837,0.7592304642927891,0.00001,10,0.000,12.032,0.00002,0.6990895122008538,7.25,0.12360,7,1.414,2,0,0.00,745,0,92
250,837,0.6467084464700766,0.00001,10,0.000,12.032,0.00001,0.6868278608251923,6.25,0.33345,7,1.414,2,0,0.00,745,0,92
260,837,0.6130721842211273,0.00000,10,0.000,12.031,0.00001,0.6628947886774859,5.25,0.25488,7,1.414,2,0,0.00,745,0,92
270,837,0.6612637906576578,0.00002,10,0.000,12.031,0.00004,0.6472862674379601,4.75,0.38355,5,1.414,2,0,0.00,745,0,92
280,839,0.3726566658573315,0.00001,10,0.000,12.031,0.00001,0.6239376635417613,6.25,0.18162,7,1.414,2,0,0.00,746,1,92
290,839,0.49979106538660106,0.00000,10,0.000,12.031,0.00001,0.614559000689068,3.25,0.05638,4,1.414,2,0,0.00,746,1,92
300,840,0.34362252750851346,0.00001,10,0.000,12.031,0.00002,0.5945198563323975,6.25,0.22903,7,1.414,2,0,0.00,746,1,93
310,840,0.5510049570981516,0.00001,10,0.000,12.031,0.00001,0.5902935873127072,7.25,0.12667,6,1.414,2,0,0.00,746,1,93
320,840,0.6198038843262842,0.00001,10,0.000,12.031,0.00002,0.603471886478173,3.75,0.19369,5,1.414,2,0,0.00,746,1,93
330,841,0.45504191122755766,0.00001,10,0.000,12.031,0.00003,0.5925780585981617,6.75,0.04323,10,1.399,2,0,0.00,747,1,93
340,842,0.5491534832805622,0.00002,10,0.000,12.031,0.00004,0.5862963952670969,7.75,0.17249,8,1.414,2,0,0.00,748,1,93
350,842,0.48090095682841044,0.00001,10,0.000,12.031,0.00003,0.5795449512836668,6.75,0.24507,10,1.317,2,0,0.00,748,1,93
360,843,0.42788865457902076,0.00004,10,0.000,12.031,0.00012,0.5767149327526865,6.25,0.21751,6,1.411,2,0,0.00,749,1,93
370,849,0.3750280730098443,0.00005,10,0.000,12.031,0.00011,0.576771937442958,6.75,0.28918,10,1.414,2,0,0.00,753,3,93
380,867,0.30332527205183907,0.00004,8,0.000,12.030,0.00012,0.5825572103865,5.25,0.29487,12,1.357,2,0,0.00,764,9,94
390,873,0.40853991901857495,0.00003,8,0.000,12.030,0.00007,0.5827389563457049,5.25,0.04876,7,1.366,2,0,0.00,768,11,94
400,893,0.8185756090662571,0.00004,8,0.000,12.030,0.00013,0.5790472585199956,0.75,0.27883,392,1.084,2,0,0.00,782,17,94
410,912,0.7085651960975691,0.00007,9,0.000,12.030,0.00016,0.5897013441343572,3.75,0.32709,6,1.304,2,0,0.00,798,20,94
420,934,0.599031809297,0.00014,9,0.000,12.030,0.00025,0.5902505030628379,11.25,0.22437,72,1.079,2,0,0.00,811,29,94
430,950,0.6455486731169809,0.00016,10,0.100,12.030,0.00035,0.6010534747376006,6.75,0.21909,8,1.412,1,0,0.00,824,32,94
440,975,0.6250219283956464,0.00009,9,0.111,12.030,0.00016,0.5981495858770917,5.25,0.17137,6,1.410,1,0,0.00,840,41,94
450,986,0.33682178748822583,0.00004,9,0.111,12.030,0.00012,0.603437142141249,6.25,0.15222,10,1.246,1,0,0.00,847,44,95
460,995,0.5575633667056331,0.00007,9,0.111,12.030,0.00017,0.6100024356393902,8.75,0.28885,4,1.413,1,0,0.00,852,48,95
470,998,0.6506223370203008,0.00019,9,0.111,12.030,0.00051,0.6121348692180483,11.25,0.29709,74,1.040,1,0,0.00,854,49,95
480,1004,0.6950595400050689,0.00005,9,0.111,12.030,0.00013,0.6019521414262483,7.25,0.16028,8,1.412,1,0,0.00,859,50,95
490,1008,0.44196411125067625,0.00013,9,0.111,12.030,0.00046,0.5993117970452913,5.25,0.11027,6,1.383,1,0,0.00,862,51,95
500,1012,0.39238111574055173,0.00007,10,0.100,12.030,0.00015,0.5987652552951153,7.25,0.20604,7,1.407,1,0,0.00,865,52,95
510,1014,0.4959418091579953,0.00006,10,0.100,12.030,0.00015,0.5907674644225827,4.75,0.28882,9,1.410,1,0,0.00,866,53,95
520,1017,0.21576824940686035,0.00018,10,0.100,12.030,0.00057,0.5888380514295568,5.75,0.29813,8,1.409,1,0,0.00,868,54,95
530,1019,0.4906394669852288,0.00021,10,0.100,12.029,0.00045,0.5874500988388037,11.25,0.13051,79,1.070,1,0,0.00,870,54,95
540,1024,0.5449785635717571,0.00031,12,0.083,12.029,0.00122,0.5974085489797172,3.75,0.27093,6,1.383,1,0,0.00,874,55,95
550,1029,0.5525337735148851,0.00010,12,0.083,12.029,0.00034,0.5881720809593528,6.25,0.06189,4,1.411,1,0,0.00,878,56,95
560,1036,0.49301257963763573,0.00010,12,0.083,12.029,0.00032,0.5876203205884515,7.25,0.12235,7,1.412,1,0,0.00,882,59,95
570,1043,0.406570811761619,0.00013,12,0.083,12.029,0.00037,0.5918453657610171,3.75,0.21902,6,1.337,2,0,0.00,887,60,96
580,1043,0.644934930445246,0.00023,12,0.083,12.029,0.00050,0.5936973197949781,11.25,0.14287,89,1.043,2,0,0.00,887,60,96
590,1045,0.5484323889014606,0.00022,13,0.154,12.029,0.00065,0.6002015084208814,5.25,0.19796,7,1.414,1,0,0.00,888,60,97
600,1049,0.776198928200481,0.00014,13,0.154,12.029,0.00047,0.6172196685889173,4.75,0.30742,4,1.414,1,0,0.00,890,62,97
610,1054,0.5459067508530802,0.00012,16,0.250,12.029,0.00052,0.6334185832487367,4.75,0.24160,4,1.414,1,0,0.00,892,63,99
620,1057,0.341824304869934,0.00020,16,0.250,12.029,0.00125,0.6415324899299688,6.25,0.23332,7,1.414,1,0,0.00,892,65,100
630,1059,0.37104772304022376,0.00009,17,0.353,12.029,0.00044,0.6550064134464965,6.25,0.14884,7,1.414,1,0,0.00,892,65,102
640,1065,0.35783689125458323,0.00013,16,0.375,12.029,0.00058,0.6457139372187615,6.75,0.26498,9,1.410,1,0,0.00,896,67,102
650,1070,0.40047885980233106,0.00031,18,0.444,12.029,0.00146,0.6313153426946719,8.25,0.20705,12,1.413,1,0,0.00,896,67,107
660,1072,0.42859189634422407,0.00035,16,0.438,12.029,0.00154,0.6341640331447542,4.75,0.22738,5,1.414,1,0,0.00,896,67,109
670,1075,0.4837089923952562,0.00014,17,0.412,12.029,0.00076,0.6390731072513465,8.75,0.22342,5,1.184,1,0,0.00,896,67,112
680,1079,0.3555179862260866,0.00012,19,0.421,12.029,0.00054,0.6159160790249105,8.75,0.19939,6,1.414,1,0,0.00,897,67,115
690,1081,0.5290283393873941,0.00044,18,0.389,12.028,0.00316,0.5992388190852894,7.25,0.37648,9,1.414,1,0,0.00,898,68,115
700,1084,0.5870658664111765,0.00017,18,0.389,12.028,0.00111,0.5669306823347116,10.25,0.30932,4,1.163,1,0,0.00,899,68,117
710,1086,0.5120850511019984,0.00020,18,0.389,12.028,0.00077,0.49738740753539673,6.75,0.26559,15,1.411,1,0,0.00,900,69,117
720,1092,0.5115345984917202,0.00039,18,0.389,12.028,0.00135,0.48382744650688553,3.75,0.11682,4,1.405,1,0,0.00,904,70,118
730,1094,0.32194074351775104,0.00023,19,0.421,12.028,0.00182,0.4912669484256948,3.75,0.34888,5,1.412,1,0,0.00,905,70,119
740,1098,0.38601210403600333,0.00020,20,0.450,12.028,0.00081,0.4768227059304543,3.75,0.13107,4,1.414,1,0,0.00,906,70,122
750,1098,0.37122577520239275,0.00026,20,0.450,12.028,0.00122,0.4149337320420915,2.25,0.21978,4,1.124,1,0,0.00,906,70,122
760,1098,0.2808627496630184,0.00039,21,0.476,12.028,0.00265,0.43562172874010313,9.25,0.13126,5,1.414,1,0,0.00,906,70,122
770,1100,0.3003610778394172,0.00058,21,0.476,12.028,0.00411,0.48537335134290854,2.25,0.13029,4,1.412,1,0,0.00,908,70,122
780,1117,0.3567701284178379,0.00054,22,0.455,12.028,0.00738,0.5400279031941275,8.25,0.22220,8,1.414,1,0,0.00,918,77,122
790,1135,0.2776435035104252,0.00060,22,0.409,12.028,0.00315,0.5817981307258244,8.75,0.16974,5,1.412,1,0,0.00,931,81,123
800,1148,0.45996434164048866,0.00130,23,0.391,12.028,0.00730,0.5924305057774326,3.75,0.12236,4,1.414,1,0,0.00,940,84,124
