# RUN_PARAMS {"alfanat":0.0,"batch":true,"bussola":1,"calore_scal":false,"calore_vett":false,"chi_basc":true,"chi_core":false,"chi_da_spinore":false,"coppia":1.0,"costanti_effettive":{"CS_M":2.0,"GAMMA":0.05,"K_C":2.0,"LAM":0.8,"PHI_CRIT":6.283185307179586,"SCALA_B":1.0},"cs_dinamico":false,"csv":"csv/deparam_bracci/cond_A.csv","da_libera":false,"db_cleanup":false,"db_ogni":200,"denoise":false,"deparam_orologio":true,"diaglog":"csv/deparam_bracci/A.csv","diffres":0.0,"dpi":100,"dt":null,"elast_c":null,"fps":20,"frames":0,"gamma":0.05,"giri":1.0,"guscio_morbido":false,"ham":0.0,"kfrange":0.0,"kuramoto_su2":true,"lam":0.8,"leggi_attive":{"CHI_BASC":true,"CHI_CORE":false,"CS_DINAMICO":false,"LS_AZIM":false,"OLON_PART":false,"PAV_COM":false,"PLAST_DIN":false,"POLO_MATURO":false,"REGIME":"deterministico","SPINORE":true,"SPINORE_VIVO":true,"SPIN_FEEDBACK":false,"SPIN_LARMOR":false,"SYNC_UPDATE":true,"TAU_USA_D0":false,"VERLET":false,"VERSO_CHI":false,"VIRIALE":false,"ZETA_LOC":false,"ZETA_VIR":false},"ls_azim":false,"maxnodi":4000000,"mitmax":0,"mupsi":-0.05,"nmasse":2,"nmasse_effettive":2,"nodi":900,"ogni":10,"ogni_effettivo":10,"olon_part":false,"out":null,"passi":800,"passi_effettivi":800,"passi_per_frame":null,"pav_com":false,"plam":1.0,"plast_din":false,"plastmit":0.0,"polo_maturo":false,"regime":null,"scala":1.0,"scuotimento":false,"seed":1,"seed_effettivo":1,"sep":6.0,"sep_effettivo":6.0,"size":null,"solo_materia":false,"spin_feedback":false,"spin_larmor":false,"spin_positivi":false,"spinore_corretto":true,"spinore_vivo":true,"sync":true,"sync_db":"csv/deparam_bracci/db_A.pkl","sync_fase_orologio":false,"sync_spinore":false,"tau_d0":false,"tauloc":1.0,"tempo_proprio_orientato":false,"test":null,"tw_spinore":false,"verlet":false,"verso_chi":false,"viriale":false,"vista_rete":false,"zeta":0.75,"zeta_loc":false,"zeta_vir":false}
passo,n_tot,ord_centrale,dens_centrale,n_centrali,frac_nati_centrali,dist_masse,dens_picco_centrale,ord_masse,antiguscio_raggio,antiguscio_coerenza_min,antiguscio_nodi,antiguscio_tau,picchi_totali,picchi_nuovi,raggio_picco_nuovo
0,826,0.4005980138319466,0.00000,9,0.000,12.033,0.00000,0.9986765552306113,5.25,0.34367,8,0.000,2,2,3.47,744,0,82
10,828,0.21429783314875064,0.00000,9,0.000,12.033,0.00000,0.9896828295040693,5.75,0.07972,4,1.414,1,0,0.00,744,0,84
20,828,0.5933741671979388,0.00000,9,0.000,12.033,0.00000,0.9822150371962135,9.25,0.23541,5,1.414,1,0,0.00,744,0,84
30,829,0.5561742689672505,0.00000,9,0.000,12.033,0.00000,0.9805079104522997,5.25,0.19845,5,1.414,1,0,0.00,744,0,85
40,829,0.6711242988969073,0.00000,9,0.000,12.033,0.00000,0.9780649276465846,5.75,0.31477,13,1.414,1,0,0.00,744,0,85
50,829,0.5457024713326216,0.00000,9,0.000,12.033,0.00000,0.9791873766695295,6.25,0.31116,9,1.414,1,0,0.00,744,0,85
60,831,0.5154159042043915,0.00000,9,0.000,12.033,0.00000,0.9752306514068103,9.25,0.31752,4,1.414,1,0,0.00,744,0,87
70,832,0.4619754986052348,0.00000,9,0.000,12.033,0.00000,0.9709470287646073,4.75,0.26128,7,1.414,1,0,0.00,744,0,88
80,832,0.3675898979958752,0.00000,11,0.000,12.033,0.00000,0.9576301948356627,5.25,0.31923,4,1.414,1,0,0.00,744,0,88
90,833,0.31547461758719325,0.00000,12,0.000,12.033,0.00000,0.9494889798879227,4.75,0.10766,8,1.371,1,0,0.00,744,0,89
100,833,0.48145680756049697,0.00000,12,0.000,12.033,0.00000,0.940991842509984,7.75,0.29347,9,1.414,1,0,0.00,744,0,89
110,834,0.5267553101303123,0.00000,13,0.000,12.033,0.00000,0.9325104049766921,3.75,0.14236,4,1.414,1,0,0.00,744,0,90
120,836,0.661456774769552,0.00000,13,0.000,12.033,0.00000,0.9256860920207467,7.75,0.33429,8,1.414,1,0,0.00,744,0,92
130,836,0.7714658883448575,0.00000,13,0.000,12.033,0.00000,0.9182184048963627,4.75,0.39205,7,1.394,2,0,0.00,744,0,92
140,836,0.7557325074068167,0.00000,13,0.000,12.033,0.00000,0.9032826484957094,4.75,0.18844,6,1.414,2,0,0.00,744,0,92
150,836,0.6966617045280051,0.00000,13,0.000,12.032,0.00000,0.8916487399301982,3.75,0.39663,5,1.414,1,0,0.00,744,0,92
160,838,0.518961237516027,0.00000,13,0.000,12.032,0.00000,0.8764495601760396,5.75,0.39641,13,1.414,2,0,0.00,744,0,94
170,838,0.5312641945747423,0.00000,13,0.000,12.032,0.00001,0.861321811277531,4.25,0.32016,12,1.413,2,0,0.00,744,0,94
180,838,0.3772781152701526,0.00000,13,0.000,12.032,0.00000,0.8403744004596825,7.25,0.12576,7,1.414,2,0,0.00,744,0,94
190,839,0.5230990777939044,0.00000,13,0.000,12.032,0.00000,0.8195160634741753,8.25,0.28404,10,1.414,2,0,0.00,744,0,95
200,840,0.4133279805073046,0.00001,12,0.000,12.032,0.00001,0.7970448959494573,6.75,0.18594,8,1.414,2,0,0.00,744,0,96
210,840,0.6543208040920493,0.00000,12,0.000,12.032,0.00000,0.7715510921293316,6.25,0.32137,10,1.414,2,0,0.00,744,0,96
220,840,0.6779697707270019,0.00001,12,0.000,12.032,0.00001,0.761291137535984,9.25,0.39226,6,1.414,2,0,0.00,744,0,96
230,844,0.49126566518308096,0.00000,11,0.000,12.032,0.00001,0.7364809436292492,7.75,0.36683,9,1.414,2,0,0.00,745,1,98
240,845,0.4915522630891174,0.00000,12,0.083,12.032,0.00001,0.7216272576316887,5.25,0.42107,9,1.414,2,0,0.00,745,1,99
250,845,0.4700927650918392,0.00000,12,0.083,12.031,0.00001,0.6997152875144514,3.75,0.22154,4,1.414,2,0,0.00,745,1,99
260,846,0.4598581872097508,0.00001,13,0.154,12.031,0.00006,0.6799621190592526,8.75,0.16849,4,1.414,2,0,0.00,745,1,100
270,846,0.3245367408244013,0.00001,13,0.154,12.031,0.00002,0.6712977749252544,5.25,0.26235,8,1.414,2,0,0.00,745,1,100
280,846,0.45668313896536716,0.00001,13,0.154,12.031,0.00003,0.6685750936293396,7.75,0.33308,9,1.414,2,0,0.00,745,1,100
290,847,0.5598950343964639,0.00001,13,0.154,12.031,0.00002,0.6655401146455027,5.25,0.19313,8,1.398,2,0,0.00,745,1,101
300,851,0.4072049790330545,0.00001,13,0.154,12.031,0.00002,0.6487124853467918,3.75,0.31298,6,1.414,2,0,0.00,747,1,103
310,851,0.3305520029775395,0.00002,13,0.154,12.031,0.00004,0.6469952099791755,5.75,0.17995,7,1.414,2,0,0.00,747,1,103
320,852,0.5123834065615975,0.00002,13,0.154,12.031,0.00003,0.6439011299828837,4.25,0.19609,5,1.414,2,0,0.00,748,1,103
330,854,0.5252477096516863,0.00002,13,0.154,12.031,0.00004,0.6429092223501162,3.75,0.30004,6,1.414,2,0,0.00,750,1,103
340,858,0.4246292339151048,0.00002,13,0.154,12.031,0.00004,0.6367741494414347,11.25,0.24265,70,1.077,1,0,0.00,753,1,104
350,859,0.426675351791811,0.00004,13,0.154,12.031,0.00009,0.6416791015139214,11.25,0.23769,70,1.106,1,0,0.00,754,1,104
360,867,0.5382233808478873,0.00001,12,0.167,12.031,0.00003,0.629705993431877,7.25,0.25553,9,1.270,1,0,0.00,760,3,104
370,878,0.44687919756271177,0.00006,11,0.182,12.030,0.00020,0.6261218309064338,3.75,0.25522,8,1.346,2,0,0.00,767,6,105
380,892,0.26835049749966133,0.00003,11,0.182,12.030,0.00011,0.638493644426421,5.75,0.14931,8,1.413,2,0,0.00,774,11,107
390,930,0.5136082668025617,0.00004,12,0.167,12.030,0.00011,0.6344927215784096,5.75,0.26222,10,1.384,2,0,0.00,801,22,107
400,965,0.35331632842789235,0.00006,12,0.167,12.030,0.00021,0.631495196006453,7.25,0.21175,5,1.412,1,0,0.00,821,35,109
410,985,0.48340128290477286,0.00003,14,0.357,12.030,0.00011,0.6387899135711157,5.75,0.30726,10,1.407,1,0,0.00,832,42,111
420,993,0.43453148103096756,0.00003,15,0.333,12.030,0.00011,0.651644655511513,5.75,0.20951,8,1.409,1,0,0.00,837,43,113
430,998,0.5279917051383969,0.00004,16,0.312,12.030,0.00013,0.6426864322743607,5.75,0.33624,9,1.414,1,0,0.00,841,44,113
440,1011,0.5427882293043029,0.00009,14,0.357,12.030,0.00044,0.6356592371807688,9.25,0.27265,5,1.414,1,0,0.00,848,48,115
450,1018,0.29819246186014825,0.00010,15,0.400,12.030,0.00055,0.6386336002111562,7.25,0.09968,9,1.409,1,0,0.00,852,51,115
460,1023,0.48075665552910024,0.00003,15,0.400,12.030,0.00012,0.6458649788621426,8.75,0.20657,11,1.363,1,0,0.00,856,52,115
470,1029,0.37590749490056424,0.00012,16,0.438,12.030,0.00053,0.648766982624993,6.25,0.29637,6,1.374,1,0,0.00,860,54,115
480,1034,0.6487385705375334,0.00018,16,0.438,12.030,0.00068,0.6541390924985171,9.25,0.13065,5,1.361,1,0,0.00,863,56,115
490,1036,0.4652373082731784,0.00021,16,0.438,12.030,0.00099,0.6653622085401807,8.75,0.27680,6,1.414,1,0,0.00,864,57,115
500,1045,0.46452023970738315,0.00006,16,0.438,12.029,0.00038,0.6545985625435926,9.25,0.16049,5,1.411,1,0,0.00,870,60,115
510,1054,0.637801475281107,0.00011,16,0.375,12.029,0.00043,0.6467017215813357,11.25,0.14610,80,1.089,1,0,0.00,877,62,115
520,1061,0.49225871535713495,0.00013,18,0.333,12.029,0.00064,0.6369300985681785,4.75,0.26390,12,1.408,1,0,0.00,881,64,116
530,1069,0.3164937797370752,0.00015,20,0.400,12.029,0.00067,0.6333356774532906,6.25,0.15908,6,1.387,1,0,0.00,884,66,119
540,1075,0.4376642514697121,0.00014,21,0.381,12.029,0.00062,0.6213039477888322,7.25,0.27079,6,1.406,1,0,0.00,886,66,123
550,1085,0.4230195985799021,0.00006,21,0.381,12.029,0.00036,0.6129081170962024,7.25,0.26179,6,1.407,1,0,0.00,892,69,124
560,1088,0.3681985672811792,0.00026,21,0.381,12.029,0.00120,0.6015922614005401,10.25,0.14872,5,1.412,1,0,0.00,895,69,124
570,1099,0.52295592953081,0.00014,19,0.368,12.029,0.00055,0.5828115938197226,6.25,0.32710,6,1.408,1,0,0.00,904,71,124
580,1105,0.31334032066425394,0.00019,19,0.368,12.029,0.00110,0.5687794705959861,7.25,0.05856,6,1.411,1,0,0.00,908,73,124
590,1110,0.42105490878945434,0.00016,19,0.368,12.029,0.00113,0.5697354999361339,7.25,0.07048,6,1.409,1,0,0.00,912,74,124
600,1111,0.43330600752440124,0.00041,19,0.368,12.029,0.00204,0.5624141541661951,11.25,0.10253,94,1.073,2,0,0.00,913,74,124
610,1111,0.4188940930799718,0.00028,19,0.368,12.029,0.00134,0.5667700380135042,8.75,0.18940,8,1.409,2,0,0.00,913,74,124
620,1111,0.41695771721313807,0.00028,19,0.368,12.029,0.00171,0.5723646323723756,2.25,0.25619,5,1.414,1,0,0.00,913,74,124
630,1114,0.42728113363444664,0.00039,19,0.368,12.029,0.00142,0.5859707911006856,3.75,0.27203,7,1.398,1,0,0.00,913,74,127
640,1116,0.43595687179638554,0.00031,18,0.389,12.029,0.00124,0.6096450070820751,10.75,0.21774,5,0.916,1,0,0.00,914,75,127
650,1118,0.36952951007645357,0.00044,18,0.389,12.029,0.00181,0.6238926886832062,10.25,0.21070,4,1.414,1,0,0.00,915,76,127
660,1119,0.4217408804367402,0.00025,19,0.421,12.028,0.00105,0.6418561067522919,10.25,0.23557,4,1.414,1,0,0.00,915,76,128
670,1124,0.33031462475902873,0.00023,19,0.421,12.028,0.00116,0.6506446318068306,10.25,0.11612,4,1.414,1,0,0.00,916,78,130
680,1125,0.43183369889491074,0.00041,19,0.421,12.028,0.00222,0.6484518515035305,3.75,0.29730,7,1.414,1,0,0.00,916,79,130
690,1130,0.32238627763568406,0.00040,19,0.421,12.028,0.00211,0.643601316807061,8.75,0.23418,8,1.414,1,0,0.00,919,81,130
700,1132,0.42620564313674836,0.00055,18,0.389,12.028,0.00357,0.6377250796772362,10.25,0.20752,4,1.414,1,0,0.00,920,82,130
710,1134,0.3175315574259421,0.00010,19,0.368,12.028,0.00055,0.61402604050854,8.75,0.16675,8,1.414,1,0,0.00,922,82,130
720,1140,0.3627282686558019,0.00043,19,0.368,12.028,0.00249,0.5616564023078849,3.25,0.09668,5,1.414,1,0,0.00,927,83,130
730,1150,0.3166284022115033,0.00049,20,0.400,12.028,0.00335,0.5204089572544569,7.25,0.21581,8,1.411,1,0,0.00,930,88,132
740,1151,0.40429154877817636,0.00075,19,0.368,12.028,0.00365,0.44659853752944545,3.25,0.27901,6,1.196,1,0,0.00,930,88,133
750,1153,0.355924632643367,0.00028,20,0.400,12.028,0.00100,0.43124201682806385,4.25,0.20248,7,1.412,1,0,0.00,931,88,134
760,1156,0.3760757751026254,0.00108,19,0.421,12.028,0.00622,0.4300455338985251,8.25,0.27851,17,1.411,1,0,0.00,932,88,136
770,1162,0.3554960866058296,0.00057,19,0.421,12.028,0.00259,0.5589914993508244,2.25,0.26684,5,1.414,1,0,0.00,934,90,138
780,1165,0.24857519499732939,0.00114,18,0.389,12.028,0.00556,0.603771514371231,2.25,0.18912,5,1.397,1,0,0.00,936,91,138
790,1172,0.38867395091130447,0.00139,18,0.389,12.028,0.00698,0.6317763591604735,7.25,0.25108,12,1.409,1,0,0.00,940,93,139
800,1174,0.42723370278026807,0.00259,19,0.368,12.028,0.01103,0.6649191712184437,2.25,0.27511,5,1.411,1,0,0.00,940,93,141
