step,n,nati,coppie,s_abs_mean,frac_s_pos,archi_concordi,segno_arco,torque,twn_su2pi,frac_twn_gt2pi,corr_sign_twn,corr_sign_nbz,s_firmata_mean
1,824,0,0,0.9801838054653866,0.9526699029126213,0.9983194610735254,0.9966389221470507,0.9353412477862405,0.2839309797581403,0.0,-0.623403689678267,0.625517218860967,0.9007832620652396
2,825,1,0,0.9801850413526934,0.9527272727272728,0.9983194731945155,0.9966389463890312,0.9347619469755539,0.296636706297936,0.0,-0.5906385617494143,0.6160645254593153,0.9008967259958621
3,825,1,0,0.9785082909957199,0.9490909090909091,0.9970861251956408,0.9941722503912814,0.9273836983193922,0.2998275898717641,0.0,-0.527368020864988,0.5877310827832548,0.8933382645852692
4,825,1,0,0.9669396150050147,0.6484848484848484,0.7506256897011836,0.5012513794023672,0.5305372845519553,0.3123114146745483,0.0,-0.013827249659752395,0.354549719349359,0.29869642573215816
5,825,1,0,0.8871737282888683,0.40606060606060607,0.5497847050423017,0.09956941008460335,0.2670843341979145,0.32469527746863014,0.0,0.056115552795092984,-0.10568307700781496,-0.19868533759850668
6,825,1,0,0.8516940660808968,0.45454545454545453,0.5097045013595678,0.019409002719135645,0.09159354076350398,0.33525590831657764,0.0,0.06589534819888562,0.04788193224727747,-0.07935691003650938
7,827,3,0,0.8208421111800417,0.46795646916565903,0.5019726070869606,0.003945214173921197,0.0933274007643393,0.34296591749487126,0.0,-0.04295992543857154,-0.0013301760417450865,-0.05659202275783882
8,860,36,9,0.8132113286456463,0.49883720930232556,0.49922489563129546,-0.0015502087374090604,0.09107477554367703,0.3380500645079293,0.012790697674418604,0.025442960875194997,-0.004877124776949959,0.00928031734647158
9,915,91,23,0.788490120445401,0.5060109289617486,0.4994522917267224,-0.0010954165465552033,0.14068999516878317,0.3331730975716843,0.022950819672131147,0.021179881696527857,0.022932221378835955,0.022847675053431882
10,952,128,33,0.7716970517454528,0.48739495798319327,0.49913909240888427,-0.0017218151822314437,0.15636552942555718,0.3515242685309035,0.0273109243697479,0.007064767534079224,-0.007406837452652312,-0.014473125715521337
11,990,166,41,0.7474445888523645,0.5050505050505051,0.5001404362887371,0.0002808725774740193,0.17107209593402722,0.3662691106501378,0.029292929292929294,-0.020033335257560948,0.027623775634678587,0.010307554791323715
12,1039,215,56,0.7454988893347465,0.4764196342637151,0.5077060402974438,0.015412080594887594,0.20827726705407704,0.3716770845543199,0.032723772858517804,-0.017894876218305752,0.014456461048631599,-0.0311890892777994
13,1074,250,61,0.731143308807823,0.5074487895716946,0.4992623617378038,-0.0014752765243924379,0.20198725578769952,0.3821510295394425,0.036312849162011177,0.006164175425172765,0.004519947627739436,0.0132928530885094
14,1128,304,75,0.7391805977424553,0.5159574468085106,0.49950728286279444,-0.000985434274411077,0.2244108229092114,0.3882909428732554,0.03546099290780142,0.01998795121311057,-0.006249730288520035,0.03497160175817896
15,1159,335,79,0.7327415491149963,0.4969801553062985,0.4988781820796778,-0.002243635840644326,0.23811694749078313,0.3974495937058485,0.03710094909404659,0.011721392887854738,0.015382196040918786,-0.0006942805073060746
16,1194,370,88,0.7232924656698642,0.516750418760469,0.5040760869565217,0.008152173913043478,0.27619480328999996,0.4098170621951466,0.04187604690117253,-0.06689515138670696,-0.03757882665972985,0.03195842107203459
17,1231,407,98,0.7369432751969883,0.4735987002437043,0.49990298309031195,-0.00019403381937607348,0.28422216275465123,0.41199986910603337,0.041429731925264016,0.019263080693335894,-0.04630100288821135,-0.042646556896084424
18,1260,436,103,0.7272176237872822,0.4865079365079365,0.4992276466573266,-0.0015447066853468406,0.2767610788286804,0.41665269976877994,0.03888888888888889,-0.04716225491254534,-0.02728427764783455,-0.010825943911459154
19,1286,462,106,0.7204704373960881,0.5202177293934681,0.49920984958409353,-0.0015803008318128924,0.28376514929382574,0.424695354703661,0.04043545878693624,0.03484776162083345,-0.028324705708704254,0.02963287991308701
20,1312,488,112,0.7103631209897626,0.5038109756097561,0.5018671990577827,0.0037343981155652586,0.2885899262499366,0.4254338017653429,0.037347560975609755,-0.039436926415780296,-0.02612891585826761,0.0050446363305009494
21,1334,510,117,0.7155480793855054,0.5172413793103449,0.4989983701076303,-0.002003259784739325,0.2907227068858653,0.42689504466520717,0.03523238380809595,-0.022723953075409836,0.032668184380398466,0.025221915387107687
22,1344,520,120,0.699389687156301,0.4799107142857143,0.5002010252286662,0.0004020504573323952,0.3060197959795262,0.43250037996314655,0.036458333333333336,-0.00813114678120303,-0.04242438599948911,-0.014506747254439527
23,1376,552,128,0.6969237874541486,0.4738372093023256,0.5001148385800209,0.00022967716004191607,0.3151736114394648,0.4282670571951099,0.034156976744186045,0.01993331704725885,0.02034709086836582,-0.0332948508003634
24,1407,583,136,0.6918222654467209,0.5266524520255863,0.49971657159258065,-0.0005668568148387329,0.3287920267454344,0.4255118883559482,0.03127221037668799,0.01967158374574824,0.041860079585160616,0.04192270676764088
25,1413,589,137,0.6914375750122456,0.4968152866242038,0.4996627730103608,-0.0006744539792784777,0.32631571379149954,0.43626022837358064,0.03043170559094126,0.010016332182110649,-0.03217940937282744,-0.00010191756009652406
26,1423,599,140,0.6873051261781336,0.48910751932536894,0.49953007855938586,-0.0009398428812282527,0.3279172400285192,0.44327515044472876,0.03302881236823612,-0.0035963195012854885,0.019294744320891906,-0.005650340243650572
27,1440,616,142,0.6782617697092237,0.5020833333333333,0.4996054632578692,-0.0007890734842615707,0.33469730401352604,0.44194253363285685,0.03194444444444444,0.018142273238542384,-0.0199919380686611,0.0010880569986295718
28,1445,621,142,0.6958447473243402,0.4934256055363322,0.500577437611632,0.0011548752232639213,0.33433125119821533,0.44377088792017916,0.02975778546712803,-0.019482129515344653,-0.010070931945418185,0.0024833949317903917
29,1448,624,142,0.6932006672350257,0.5006906077348067,0.5018362838206181,0.0036725676412360485,0.3296164681752951,0.4493134700918841,0.0324585635359116,-0.042689135948600736,-0.011607271029624278,-0.0015358194548500195
30,1458,634,144,0.6897077373254124,0.49794238683127573,0.49841490704613267,-0.00317018590773468,0.3315859762878513,0.44680235813301317,0.03155006858710562,0.02160088806363058,-0.038852843403274516,-0.0018064231647643835
31,1475,651,148,0.6792887220709142,0.4928813559322034,0.5008426261249955,0.0016852522499910358,0.35116556242368013,0.4455566303643884,0.03254237288135593,-0.007348447202520346,-0.00875243226728974,-0.007865635845183709
32,1488,664,151,0.689607096118695,0.49193548387096775,0.4996235506700798,-0.0007528986598403855,0.341134923355905,0.45021870849526796,0.03494623655913978,0.003383632404616677,0.004318433213139979,-0.017439293051394977
33,1502,678,155,0.6790404167463662,0.5126498002663116,0.5041977645380308,0.00839552907606163,0.3609372238700761,0.4523638141165618,0.03395472703062583,-0.030161819602458704,-0.023210319179594163,0.005769480785792896
34,1515,691,157,0.6912349353562888,0.4871287128712871,0.49998566246576914,-2.8675068461725952e-05,0.3489097691393176,0.45418423271071545,0.034323432343234324,-0.019977299287148986,0.007443636137674238,-0.0057673557813810745
35,1526,702,160,0.6885632626588744,0.47903014416775885,0.49892479284342117,-0.0021504143131576684,0.3491813603351862,0.4556092412428299,0.03669724770642202,0.016829142261519464,0.03020741252096744,-0.02100581449540184
36,1539,715,164,0.6815224761483806,0.49902534113060426,0.4991721913635549,-0.001655617272890163,0.3457897992172172,0.45383789942358255,0.03378817413905133,-0.012291625902904262,0.037864884444613424,-0.003047293646504938
37,1546,722,165,0.6843218463288805,0.49159120310478654,0.4998315810596776,-0.00033683788064472206,0.35114957103112143,0.45431374097807087,0.032988357050452784,-0.020862425013288815,0.04877776219221901,-0.01051612963910679
38,1559,735,167,0.6889189999853371,0.5054522129570237,0.4994553845271878,-0.0010892309456244447,0.3595728685790745,0.4523424643727632,0.028864656831302116,-0.03059463466983181,-0.007534134466875137,0.0044271832993469425
39,1569,745,170,0.6826060084151399,0.5054174633524537,0.4992225621771125,-0.0015548756457749659,0.3457483217217582,0.4500136178419781,0.026131293817718292,0.05054850913401754,-0.05162341377599079,0.0064293458462565765
40,1580,756,173,0.6818444717954286,0.4778481012658228,0.49924413397814793,-0.0015117320437041018,0.3606313655631868,0.4512097823629969,0.026582278481012658,-0.003010926500471003,-0.0009245208797339744,-0.03282654684934509
41,1585,761,175,0.6878888228294648,0.4744479495268139,0.5040406356120417,0.008081271224083334,0.37035747932279495,0.45265423059612425,0.024605678233438486,0.022425473676324734,0.03022011324487678,-0.03368902997229859
42,1595,771,179,0.6909226922756005,0.5003134796238244,0.49913321298604546,-0.0017335740279091091,0.3646306317202883,0.4541027181557821,0.025705329153605017,0.01991147108838223,0.02624402128674469,-0.0014386118820922554
43,1600,776,180,0.6836270852552435,0.499375,0.4989183536052492,-0.0021632927895015833,0.370872587004069,0.4566411653176328,0.028125,-0.03400863859544515,-0.014025248000557952,0.0033626695572524287
44,1602,778,181,0.684707909147538,0.4993757802746567,0.49920131800436945,-0.001597363991261058,0.35698627379162456,0.45903311341497977,0.02871410736579276,-0.006076269119113174,-0.03732779319813142,-0.007702700902688119
45,1606,782,182,0.6894166219828225,0.4937733499377335,0.49892557839696294,-0.0021488432060740633,0.3649116195437132,0.4596104001132732,0.030510585305105854,0.005586068299288821,-0.002495421449558321,-0.00794161402806933
46,1609,785,182,0.6860748356246928,0.4947172156619018,0.49905094797762384,-0.0018981040447522794,0.3710987436540377,0.4587004083870532,0.031075201988812928,-0.026800386253277218,-0.02890163671733452,0.009021263766141647
47,1611,787,182,0.6855738077674464,0.49224084419615144,0.4990509615728969,-0.00189807685420621,0.3631081898627958,0.4575881403134475,0.0297951582867784,0.004484093300598828,-0.007533339865729152,-0.012402968973172078
48,1620,796,184,0.6800655411378158,0.4839506172839506,0.49914772320341483,-0.0017045535931703264,0.3657196758819302,0.45736079534767965,0.028395061728395062,-0.055999504085796535,0.03218046798371447,-0.012907285298214248
49,1629,805,187,0.6712554996422014,0.5039901780233272,0.4987754049757229,-0.0024491900485541186,0.36514746944756243,0.4557454165752953,0.028852056476365868,0.0011692524997475528,0.03354136224541538,0.013782848229117413
50,1638,814,191,0.6875538453988786,0.5079365079365079,0.4988578671115853,-0.002284265776829382,0.37465663872569904,0.4566089821029007,0.029304029304029304,0.028901903058415973,0.028935425057204523,-0.00528095289435854
