# RUN_PARAMS {"alfanat":0.0,"batch":true,"bussola":1,"calore_scal":false,"calore_vett":true,"chi_basc":true,"chi_core":true,"coppia":1.0,"costanti_effettive":{"CS_M":2.0,"GAMMA":0.05,"K_C":2.0,"LAM":0.8,"PHI_CRIT":6.283185307179586,"SCALA_B":1.0},"cs_dinamico":true,"csv":"out_spincore\\cond_s2.csv","da_libera":false,"db_cleanup":false,"db_ogni":100,"denoise":false,"diaglog":"out_spincore\\diag_s2.csv","diffres":0.0,"dpi":100,"elast_c":null,"fps":20,"frames":0,"gamma":0.05,"giri":1.0,"guscio_morbido":false,"ham":0.0,"kfrange":0.0,"lam":0.8,"leggi_attive":{"CHI_BASC":true,"CHI_CORE":true,"CS_DINAMICO":true,"LS_AZIM":true,"OLON_PART":true,"PAV_COM":true,"PLAST_DIN":true,"POLO_MATURO":true,"REGIME":"deterministico","SPINORE":true,"SPINORE_VIVO":true,"SPIN_FEEDBACK":true,"SPIN_LARMOR":false,"SYNC_UPDATE":true,"TAU_USA_D0":true,"VERLET":true,"VERSO_CHI":true,"VIRIALE":true,"ZETA_LOC":true,"ZETA_VIR":true},"ls_azim":true,"maxnodi":4000000,"mitmax":0,"mupsi":-0.05,"nmasse":2,"nmasse_effettive":2,"nodi":900,"ogni":10,"ogni_effettivo":10,"olon_part":true,"out":null,"passi":2000,"passi_effettivi":2000,"passi_per_frame":null,"pav_com":true,"plam":1.0,"plast_din":true,"plastmit":0.0,"polo_maturo":true,"regime":null,"scala":1.0,"seed":2,"seed_effettivo":2,"sep":8.0,"sep_effettivo":8.0,"size":null,"solo_materia":false,"spin_feedback":true,"spin_larmor":false,"spin_positivi":false,"spinore_vivo":true,"sync":true,"sync_db":"out_spincore\\db_s2.pkl","tau_d0":true,"tauloc":1.0,"test":null,"verlet":true,"verso_chi":true,"viriale":true,"vista_rete":false,"zeta":0.75,"zeta_loc":true,"zeta_vir":true}
passo,n_tot,ord_centrale,dens_centrale,n_centrali,frac_nati_centrali,dist_masse,dens_picco_centrale,ord_masse,antiguscio_raggio,antiguscio_coerenza_min,antiguscio_nodi,antiguscio_tau,picchi_totali,picchi_nuovi,raggio_picco_nuovo
0,824,,0.00000,5,0.000,16.006,0.00000,0.9988706232770974,6.25,0.30653,7,0.000,2,2,1.34,744,0,80
10,824,,0.00000,5,0.000,16.006,0.00000,0.9574568050522859,10.25,0.22010,10,1.414,1,0,0.00,744,0,80
20,824,,0.00000,5,0.000,16.006,0.00000,0.9405411264161978,7.75,0.24447,7,1.414,2,0,0.00,744,0,80
30,825,,0.00000,5,0.000,16.006,0.00000,0.9232333268745689,7.75,0.01845,7,1.414,2,0,0.00,745,0,80
40,825,,0.00000,5,0.000,16.006,0.00000,0.9069182303235948,6.25,0.13759,7,1.413,2,0,0.00,745,0,80
50,825,,0.00000,4,0.000,16.006,0.00000,0.8987472546709664,10.25,0.12849,7,1.414,2,0,0.00,745,0,80
60,826,,0.00000,3,0.000,16.006,0.00000,0.867352056219743,9.75,0.35906,9,1.414,2,0,0.00,746,0,80
70,829,,0.00000,4,0.000,16.006,0.00000,0.8455594846343008,10.25,0.19974,7,1.414,2,0,0.00,748,1,80
80,829,,0.00000,4,0.000,16.006,0.00000,0.8457818515479621,9.75,0.34016,9,1.414,2,0,0.00,748,1,80
90,829,,0.00000,4,0.000,16.006,0.00000,0.8384040107989867,8.75,0.37860,11,1.414,2,0,0.00,748,1,80
100,829,,0.00000,5,0.000,16.006,0.00000,0.8312711165919054,8.75,0.29241,10,1.414,2,0,0.00,748,1,80
110,829,,0.00000,6,0.000,16.006,0.00000,0.8238304601773022,8.75,0.49161,9,1.414,2,0,0.00,748,1,80
120,830,,0.00000,7,0.000,16.006,0.00000,0.8227390195938571,7.75,0.56956,8,1.411,2,0,0.00,749,1,80
130,832,0.6496061491415818,0.00000,7,0.000,16.006,0.00000,0.8042067046802256,9.25,0.15011,11,1.309,2,0,0.00,750,2,80
140,832,0.7419983297908711,0.00000,8,0.000,16.006,0.00000,0.7736745677240865,8.25,0.55930,5,1.412,2,0,0.00,750,2,80
150,832,0.5658996392259068,0.00000,9,0.000,16.006,0.00000,0.7599336903013847,8.75,0.15931,5,1.414,2,0,0.00,750,2,80
160,833,0.7304843302076294,0.00000,9,0.000,16.006,0.00000,0.7533758557024112,8.75,0.44859,8,1.414,2,0,0.00,751,2,80
170,835,0.40391885737064187,0.00000,10,0.000,16.006,0.00000,0.7338511355464752,9.25,0.25806,15,0.000,2,0,0.00,752,3,80
180,835,0.5530407715196447,0.00000,10,0.000,16.006,0.00000,0.715800740575005,9.75,0.40927,8,1.414,2,0,0.00,752,3,80
190,835,0.4433525626640177,0.00000,10,0.000,16.006,0.00000,0.6934502478706573,10.25,0.13359,6,1.414,2,0,0.00,752,3,80
200,835,0.5429126870252109,0.00000,9,0.000,16.006,0.00000,0.6519756498441961,10.25,0.20279,6,1.414,2,0,0.00,752,3,80
210,835,0.48827779081144557,0.00000,9,0.000,16.006,0.00000,0.6306404360926829,10.25,0.13202,7,1.414,2,0,0.00,752,3,80
220,835,0.5764429311444883,0.00000,8,0.000,16.006,0.00000,0.6213365920200318,9.25,0.22967,6,1.414,2,0,0.00,752,3,80
230,835,0.3432239656625095,0.00000,8,0.000,16.006,0.00000,0.6124228917900375,8.25,0.26104,5,1.414,2,0,0.00,752,3,80
240,835,0.2995602979728682,0.00000,8,0.000,16.006,0.00000,0.5996245206284814,6.25,0.08633,5,1.414,2,0,0.00,752,3,80
250,835,0.5350840501792339,0.00000,9,0.000,16.006,0.00000,0.5659674991951057,7.25,0.36572,5,1.402,2,0,0.00,752,3,80
260,839,0.4241434040466198,0.00000,8,0.000,16.006,0.00000,0.5489929018128038,7.25,0.25234,10,1.411,2,0,0.00,753,4,82
270,843,0.694019172077407,0.00000,8,0.000,16.006,0.00000,0.5258530565250985,6.25,0.38443,4,1.410,2,0,0.00,757,4,82
280,843,0.4647503468227018,0.00000,8,0.000,16.006,0.00000,0.508241104131493,8.75,0.28057,9,1.411,2,0,0.00,757,4,82
290,844,0.7718717642125404,0.00000,7,0.000,16.006,0.00000,0.5001032349448349,10.25,0.20484,5,1.387,2,0,0.00,758,4,82
300,847,0.35379817210832903,0.00000,7,0.000,16.006,0.00000,0.4870624665887512,8.75,0.23301,6,1.409,2,0,0.00,760,5,82
310,847,0.6151885016636669,0.00000,7,0.000,16.006,0.00000,0.46166504035511013,8.75,0.33337,7,1.412,2,0,0.00,760,5,82
320,847,0.3624080313111985,0.00000,7,0.000,16.006,0.00000,0.45911549540838115,9.75,0.31524,7,1.275,2,0,0.00,760,5,82
330,849,0.3976720945835631,0.00000,7,0.000,16.006,0.00000,0.4135629615421412,14.75,0.33859,21,0.761,1,0,0.00,762,5,82
340,856,0.37969813357897086,0.00000,6,0.000,16.006,0.00000,0.41645731073577574,9.25,0.11726,5,1.263,2,0,0.00,769,5,82
350,867,0.42912205628051925,0.00000,6,0.000,16.006,0.00000,0.4273614899736644,9.75,0.25550,8,1.082,1,0,0.00,776,9,82
360,870,0.40934838093167847,0.00000,5,0.000,16.006,0.00000,0.4650282990487248,9.25,0.04180,10,1.405,2,0,0.00,779,9,82
370,871,0.44151875033984,0.00000,5,0.000,16.006,0.00000,0.5093540025614702,9.25,0.31067,11,1.340,2,0,0.00,780,9,82
380,873,0.7897303798644346,0.00000,5,0.200,16.006,0.00000,0.5553350144517233,8.75,0.40613,8,0.000,2,0,0.00,780,11,82
390,876,0.33326372812247296,0.00000,7,0.286,16.006,0.00000,0.6055498276465223,10.25,0.26176,9,1.383,2,0,0.00,782,12,82
400,879,0.23669594854327958,0.00000,7,0.286,16.006,0.00000,0.6380347376959654,8.25,0.20349,11,1.410,2,0,0.00,785,12,82
410,897,0.6927001051423418,0.00000,8,0.250,16.006,0.00000,0.6401894003834069,14.75,0.48402,24,0.000,2,0,0.00,795,20,82
420,915,0.38798045824004046,0.00000,8,0.125,16.006,0.00000,0.6401269569984025,9.25,0.34668,7,1.414,1,0,0.00,807,26,82
430,942,0.45330094629995643,0.00000,7,0.000,16.006,0.00000,0.6159149469063059,9.25,0.17992,7,0.000,1,0,0.00,826,34,82
440,967,0.6226520435882753,0.00000,6,0.000,16.006,0.00000,0.5695111986920748,10.25,0.36236,10,0.000,1,0,0.00,842,43,82
450,1000,0.3325508207023877,0.00000,6,0.000,16.006,0.00000,0.49432550383234836,7.25,0.15840,4,0.000,2,0,0.00,865,53,82
460,1028,0.3028606424692602,0.00000,7,0.000,16.006,0.00000,0.46339134948002575,5.75,0.25777,7,0.000,2,0,0.00,884,62,82
470,1049,0.5493231985996964,0.00000,7,0.000,16.006,0.00000,0.4471669908639875,8.75,0.22632,6,0.000,2,0,0.00,896,71,82
480,1072,0.6065934016475355,0.00000,8,0.000,16.006,0.00000,0.45077141733352305,10.75,0.28360,11,1.412,2,0,0.00,912,78,82
490,1115,0.4557737729741198,0.00000,6,0.000,16.006,0.00000,0.4033239799100236,9.25,0.34691,11,0.000,2,0,0.00,939,93,83
500,1139,0.44662505885577114,0.00000,5,0.000,16.006,0.00000,0.36007303378139754,15.25,0.33016,100,0.000,2,0,0.00,957,99,83
510,1173,0.6672154987783658,0.00000,5,0.000,16.006,0.00000,0.37189468202161935,14.75,0.27460,22,0.000,2,1,6.44,979,111,83
520,1210,0.37022475671374877,0.00000,5,0.000,16.006,0.00000,0.36820807559368063,6.25,0.32953,6,0.000,2,2,9.46,1005,122,83
530,1251,0.5427958689696663,0.00000,5,0.000,16.006,0.00000,0.3873490957303572,0.75,0.32207,148,1.112,2,0,0.00,1034,134,83
540,1289,0.44575451292389956,0.00000,5,0.000,16.006,0.00000,0.36335803358882984,9.75,0.10593,6,0.000,2,0,0.00,1060,146,83
550,1323,0.1139810679229885,0.00000,4,0.000,16.006,0.00000,0.3647700181635846,8.25,0.21401,6,0.000,2,0,0.00,1083,157,83
560,1365,,0.00000,4,0.000,16.006,0.00000,0.33353369504544195,15.75,0.30330,177,0.927,2,1,9.47,1112,170,83
570,1404,,0.00000,5,0.000,16.006,0.00001,0.32589079415897954,0.75,0.25029,156,0.000,2,0,0.00,1142,179,83
580,1447,,0.00000,5,0.000,16.006,0.00000,0.3476394326072497,7.25,0.15870,5,0.000,2,0,0.00,1176,188,83
590,1504,0.31770116888279337,0.00000,5,0.000,16.006,0.00000,0.31285490057522547,7.25,0.16857,4,0.000,2,0,0.00,1214,207,83
600,1553,0.3166106036269164,0.00000,4,0.000,16.006,0.00000,0.30415372593727996,9.25,0.17353,5,0.000,2,1,9.48,1250,220,83
610,1608,0.3232572468484779,0.00000,5,0.000,16.006,0.00000,0.29211070374928355,0.75,0.23043,200,0.000,2,0,0.00,1293,232,83
620,1652,0.3308149326023609,0.00000,5,0.000,16.006,0.00000,0.2930192806034952,0.75,0.22367,211,0.000,2,0,0.00,1323,246,83
630,1705,0.5885374552019835,0.00000,5,0.000,16.006,0.00000,0.3126494057984658,0.75,0.25574,224,0.000,2,0,0.00,1358,263,84
640,1757,0.3020689507947771,0.00000,5,0.000,16.006,0.00000,0.31654441989094534,8.75,0.24600,11,0.000,2,0,0.00,1390,283,84
650,1816,0.5235745667587587,0.00000,5,0.000,16.006,0.00000,0.28827242473214115,0.75,0.23189,232,0.000,2,0,0.00,1431,301,84
660,1872,0.3349605391713434,0.00000,5,0.000,16.006,0.00000,0.3061770692414704,8.75,0.11432,6,0.000,2,1,6.59,1470,318,84
670,1925,0.4170356762743152,0.00000,5,0.000,16.006,0.00001,0.31423052406452057,13.75,0.17266,8,0.000,2,0,0.00,1506,335,84
680,1985,0.24230183332500707,0.00000,4,0.000,16.006,0.00000,0.3019401874057662,13.75,0.14029,9,0.000,2,0,0.00,1545,356,84
690,2043,0.5795130658866245,0.00000,4,0.000,16.006,0.00001,0.3002816540302491,13.75,0.19248,4,0.000,2,0,0.00,1585,374,84
700,2123,0.5148123495686291,0.00000,4,0.000,16.006,0.00000,0.27104403759857176,10.45,0.21999,7,1.000,2,0,0.00,1633,406,84
710,2210,0.5711211469791666,0.00000,5,0.000,16.006,0.00001,0.2626170708878076,9.45,0.28344,82,1.000,2,0,0.00,1694,432,84
720,2292,0.7434810469821006,0.00000,6,0.333,16.006,0.00001,0.23099101701434546,9.95,0.24810,34,1.000,2,0,0.00,1753,453,86
730,2358,0.4106816979871082,0.00000,6,0.333,16.006,0.00002,0.20964223067460608,9.45,0.27619,90,1.000,2,0,0.00,1796,474,88
740,2457,0.3866661635261137,0.00000,7,0.286,16.006,0.00001,0.19499208463299095,9.45,0.22980,97,1.000,2,0,0.00,1861,508,88
750,2534,0.3575110049254318,0.00000,7,0.286,16.006,0.00001,0.23188138266148065,9.45,0.29336,114,1.000,2,0,0.00,1916,528,90
760,2610,0.3231223079368497,0.00002,6,0.333,16.006,0.00006,0.2354662259826363,9.95,0.30890,49,1.000,2,0,0.00,1968,552,90
770,2709,0.4061616071556228,0.00001,6,0.333,16.006,0.00006,0.204675681304846,9.45,0.22598,122,1.000,1,0,0.00,2029,589,91
780,2796,0.26924541952955555,0.00002,6,0.333,16.006,0.00008,0.20893932525867848,9.45,0.23266,124,1.000,1,0,0.00,2090,615,91
790,2872,0.5409024013998766,0.00001,7,0.429,16.006,0.00004,0.21907801828960907,9.45,0.24023,133,1.000,1,0,0.00,2138,642,92
800,2964,0.4236011566437159,0.00005,7,0.429,16.006,0.00023,0.2169181574394887,9.45,0.23375,143,1.000,1,0,0.00,2204,668,92
810,3049,0.5131197881958268,0.00005,7,0.429,16.006,0.00030,0.21103463534028521,9.95,0.21032,59,1.000,1,0,0.00,2265,692,92
820,3162,0.694345173736755,0.00007,7,0.429,16.007,0.00037,0.2060955850715461,9.45,0.22692,165,1.000,1,0,0.00,2343,726,93
830,3264,0.5737633046653654,0.00006,7,0.429,16.007,0.00031,0.21260333384761487,10.95,0.21353,6,1.000,1,0,0.00,2411,760,93
840,3343,0.6072113918607241,0.00008,7,0.429,16.007,0.00047,0.20945396588285198,9.45,0.20336,169,1.000,1,0,0.00,2465,785,93
850,3434,0.42178194715462497,0.00008,7,0.429,16.007,0.00030,0.1973714194772802,9.95,0.20503,79,1.000,1,0,0.00,2523,818,93
860,3528,0.4078890267684274,0.00013,7,0.429,16.007,0.00042,0.17545436305076278,10.45,0.22009,27,1.000,1,0,0.00,2588,847,93
870,3630,0.4216805405042706,0.00013,7,0.429,16.006,0.00050,0.1716207405830859,10.45,0.22177,29,1.000,1,0,0.00,2663,874,93
880,3727,0.5383584288056406,0.00022,9,0.556,16.006,0.00165,0.1829950123958296,9.95,0.19258,89,1.000,1,0,0.00,2724,908,95
890,3828,0.2574328445049327,0.00009,9,0.556,16.006,0.00068,0.17590781468983097,9.45,0.19659,216,1.000,1,0,0.00,2791,938,99
900,3918,0.6117562581256463,0.00019,10,0.500,16.006,0.00165,0.1525323367848466,9.45,0.18930,225,1.000,1,0,0.00,2850,968,100
910,4023,0.33147657834131106,0.00023,7,0.143,16.006,0.00113,0.1436798233414296,9.45,0.18925,235,1.000,1,0,0.00,2923,1000,100
920,4113,0.8395043976596801,0.00010,7,0.143,16.006,0.00045,0.1592156161064416,9.95,0.19477,106,1.000,1,0,0.00,2977,1036,100
930,4205,0.5225062005874244,0.00021,7,0.143,16.006,0.00115,0.16030754112914936,9.95,0.15629,113,1.000,1,0,0.00,3037,1068,100
940,4307,0.8196586741253477,0.00015,8,0.125,16.005,0.00111,0.19424127326805396,9.95,0.19646,123,1.000,1,0,0.00,3108,1099,100
950,4414,0.7552484669057382,0.00026,7,0.000,16.005,0.00095,0.19173857143881196,9.45,0.17902,315,1.000,1,0,0.00,3181,1133,100
960,4514,0.5386138495151461,0.00014,6,0.000,16.005,0.00068,0.19736691610314594,9.45,0.16706,322,1.000,1,0,0.00,3247,1164,103
970,4599,0.45908070240030213,0.00008,6,0.000,16.004,0.00038,0.19922562769210017,10.45,0.16193,57,1.000,1,0,0.00,3304,1192,103
980,4694,0.3018446774452833,0.00010,6,0.000,16.004,0.00042,0.2018740489062968,9.45,0.16050,356,1.000,1,1,6.18,3370,1219,105
990,4798,0.526046644064214,0.00006,6,0.000,16.004,0.00018,0.1973602009761911,9.45,0.14806,371,1.000,1,1,6.22,3442,1250,106
1000,4914,0.15486840905890054,0.00006,6,0.000,16.003,0.00020,0.216170097320456,9.95,0.15682,175,1.000,1,1,6.28,3516,1290,108
1010,5014,0.39694207377535823,0.00003,5,0.000,16.003,0.00008,0.2181573395058347,9.45,0.15374,456,1.000,1,1,6.35,3582,1323,109
1020,5104,0.4427815658697265,0.00001,5,0.000,16.002,0.00002,0.1990917991002518,9.45,0.15436,477,1.000,1,1,6.41,3643,1352,109
1030,5203,0.5923100227097549,0.00001,5,0.000,16.002,0.00002,0.2092814215896038,9.45,0.15089,494,1.000,1,1,6.46,3714,1380,109
1040,5323,0.43452389362694327,0.00001,7,0.143,16.001,0.00004,0.2085404271764494,9.95,0.15728,237,1.000,1,1,6.50,3790,1422,111
1050,5428,0.3020304634886264,0.00001,6,0.167,16.001,0.00005,0.2186447138197768,9.95,0.14478,277,1.000,1,1,6.55,3856,1461,111
1060,5547,0.3409966177542144,0.00002,6,0.167,16.000,0.00004,0.22096999155453426,9.45,0.16289,526,1.000,1,1,6.56,3930,1505,112
1070,5647,0.8493209096638346,0.00002,6,0.167,15.999,0.00004,0.24731184225661587,9.45,0.15823,522,1.000,1,1,6.57,4000,1535,112
1080,5736,0.5553845273256373,0.00002,5,0.200,15.998,0.00005,0.23747942536309374,9.45,0.15884,548,1.000,1,1,6.58,4059,1564,113
1090,5853,0.743262133035626,0.00003,5,0.000,15.997,0.00008,0.19986937645316463,9.45,0.12057,570,1.000,1,1,6.59,4138,1602,113
1100,5971,0.42747806563191015,0.00005,5,0.000,15.996,0.00015,0.2014958666997382,9.45,0.11611,570,1.000,1,1,6.60,4219,1636,116
1110,6095,0.832886948806999,0.00005,5,0.000,15.994,0.00016,0.18034190572918363,9.45,0.11188,568,1.000,1,1,6.59,4301,1678,116
1120,6210,0.39067678554568297,0.00003,4,0.000,15.993,0.00007,0.16568926990405886,9.45,0.10961,580,1.000,1,1,6.57,4378,1716,116
1130,6340,0.39110713773839034,0.00004,4,0.000,15.991,0.00011,0.12385390530904868,9.45,0.12114,579,1.000,1,1,6.54,4471,1753,116
1140,6452,0.9522003929276126,0.00004,4,0.000,15.990,0.00013,0.09719596017743701,9.44,0.11791,568,1.000,1,0,0.00,4547,1787,118
1150,6576,,0.00009,3,0.000,15.988,0.00026,0.09278194548021944,9.94,0.12917,415,1.000,1,1,5.92,4629,1825,122
1160,6698,,0.00009,3,0.000,15.987,0.00025,0.09576555065030745,9.44,0.12993,537,1.000,1,1,6.21,4710,1864,124
1170,6828,0.5895338059485368,0.00010,4,0.250,15.985,0.00026,0.09189266086504447,9.44,0.10910,561,1.000,1,1,6.45,4799,1905,124
1180,6935,0.5627519209883736,0.00011,4,0.250,15.984,0.00034,0.09405701158096158,9.44,0.10712,570,1.000,1,1,6.63,4875,1934,126
1190,7065,0.46863682351076164,0.00021,5,0.200,15.983,0.00073,0.1222600740045324,9.44,0.09799,576,1.000,1,1,6.68,4961,1975,129
1200,7189,0.23970754709832115,0.00057,5,0.200,15.982,0.00179,0.13240978540763665,9.44,0.10478,566,1.000,1,0,0.00,5043,2014,132
1210,7312,0.42681856021944264,0.00096,4,0.250,15.981,0.00371,0.14641219705148642,9.44,0.12570,580,1.000,1,0,0.00,5128,2050,134
1220,7477,0.4509407269279128,0.00148,7,0.429,15.981,0.00746,0.13952978749548708,9.44,0.10517,624,1.000,1,1,5.78,5237,2104,136
1230,7600,0.2686118664321296,0.00171,10,0.500,15.980,0.01436,0.14000095189682954,9.44,0.11927,641,1.000,1,1,5.93,5321,2143,136
1240,7715,0.35330751996887555,0.00087,10,0.500,15.980,0.00626,0.13164899834259147,9.44,0.10831,627,1.000,1,1,6.04,5397,2182,136
1250,7831,0.443664362854869,0.00091,11,0.545,15.979,0.00596,0.11286208828597996,9.44,0.12720,654,1.000,1,1,6.13,5478,2217,136
1260,7937,0.48988809626777263,0.00104,11,0.545,15.979,0.00529,0.10084183968299838,9.44,0.12403,660,1.000,1,1,6.18,5547,2253,137
1270,8073,0.5514006127301934,0.00177,11,0.545,15.979,0.01734,0.09886969528089358,9.44,0.12346,689,1.000,1,1,6.20,5640,2296,137
1280,8195,0.6350396942524488,0.00138,9,0.444,15.979,0.00495,0.11225125182067587,9.44,0.10889,710,1.000,1,1,6.27,5723,2334,138
1290,8312,0.7568520906864895,0.00085,9,0.444,15.980,0.00294,0.1226829173478709,9.44,0.09969,720,1.000,1,1,6.41,5809,2363,140
1300,8447,0.5445986773601963,0.00071,9,0.444,15.980,0.00316,0.11890438535019804,9.44,0.13417,731,1.000,1,1,6.52,5896,2411,140
1310,8559,0.3375017612189147,0.00197,6,0.167,15.981,0.00395,0.14263557591670145,9.44,0.12671,713,1.000,1,1,6.59,5972,2446,141
1320,8718,0.5778018439732668,0.00107,6,0.167,15.981,0.00348,0.13559168278270423,11.94,0.21455,131,1.000,1,1,6.62,6076,2501,141
1330,8843,0.4854138345486473,0.00090,6,0.333,15.981,0.00404,0.1375556007287794,9.44,0.11299,734,1.000,1,1,6.60,6160,2541,142
1340,8973,0.6800574995699771,0.00031,5,0.200,15.981,0.00083,0.13283870867173453,11.44,0.21088,207,1.000,1,1,6.54,6245,2586,142
1350,9105,0.7552210213021364,0.00279,6,0.333,15.981,0.01475,0.12847601672699757,9.44,0.11313,781,1.000,1,1,6.44,6329,2633,143
1360,9232,0.34042726635349985,0.00172,7,0.286,15.981,0.00985,0.12600677645172825,9.94,0.13024,578,1.000,1,1,6.31,6408,2681,143
1370,9355,0.4261421836865134,0.00529,8,0.375,15.980,0.04077,0.12577648080002432,9.94,0.12480,614,1.000,1,1,6.15,6491,2720,144
1380,9507,0.43908933116471766,0.00022,6,0.333,15.980,0.00056,0.11953782073179277,9.94,0.12203,605,1.000,1,1,6.06,6595,2768,144
1390,9654,0.47373948805040655,0.00031,4,0.250,15.979,0.00090,0.10569380052609935,11.94,0.18258,138,1.000,2,2,9.35,6692,2817,145
1400,9771,0.36843251872332167,0.00024,5,0.400,15.979,0.00082,0.11517340369295617,9.44,0.11136,858,1.000,2,1,5.87,6771,2855,145
1410,9914,0.30107223263774935,0.00019,4,0.250,15.978,0.00050,0.12299230860999105,10.94,0.15926,295,1.000,2,2,10.59,6867,2902,145
1420,10067,0.5675710711855736,0.00012,4,0.250,15.978,0.00038,0.11079592703113919,14.94,0.12918,12,1.000,1,1,10.32,6958,2964,145
1430,10182,0.4221684363926739,0.00034,5,0.400,15.977,0.00138,0.1299251867545484,9.44,0.12002,869,1.000,1,1,10.49,7037,3000,145
1440,10313,0.5541712501377585,0.00051,5,0.400,15.977,0.00160,0.12859331291658677,16.94,0.16909,6,1.000,1,0,0.00,7124,3042,147
1450,10447,0.7918591985644348,0.00121,6,0.333,15.976,0.00376,0.13544349811797893,10.94,0.13422,422,1.000,1,1,9.34,7210,3088,149
1460,10571,,0.00489,5,0.200,15.976,0.01359,0.12755225461138334,9.44,0.09832,828,1.000,2,2,9.51,7294,3127,150
1470,10730,,0.00238,5,0.200,15.975,0.00627,0.12522188321310376,15.44,0.13611,13,1.000,2,2,9.64,7402,3178,150
1480,10872,0.4867120940781772,0.00784,4,0.250,15.974,0.02079,0.1504482820030966,15.94,0.14249,11,1.000,2,2,9.74,7493,3229,150
1490,11006,,0.00368,3,0.000,15.973,0.00682,0.1630028388769994,9.44,0.12318,870,1.000,1,1,9.79,7578,3276,152
1500,11134,0.33291443741179216,0.00428,7,0.571,15.971,0.02501,0.1490815740539404,10.44,0.16187,677,1.000,1,1,9.81,7666,3316,152
1510,11282,0.6240485196192632,0.00393,7,0.429,15.970,0.02355,0.13539406478145222,10.43,0.14529,688,1.000,1,1,9.78,7757,3373,152
1520,11417,0.24496509808058595,0.00248,8,0.375,15.968,0.01292,0.14093767819349032,9.43,0.13409,915,1.000,1,1,9.71,7849,3416,152
1530,11546,0.43538098990751367,0.00192,7,0.286,15.965,0.00917,0.12601743975655283,9.43,0.12168,897,1.000,2,2,9.62,7934,3460,152
1540,11692,0.36601245788498515,0.00207,8,0.375,15.962,0.01554,0.10832099224013797,11.43,0.19120,459,1.000,2,2,9.51,8026,3514,152
1550,11824,0.49356508500697577,0.00132,9,0.444,15.959,0.01157,0.11538953036234602,10.43,0.13709,769,1.000,2,2,9.37,8116,3554,154
1560,11949,0.2982222816091515,0.00059,11,0.545,15.955,0.00279,0.11070827363134522,10.43,0.14592,754,1.000,1,1,9.41,8195,3600,154
1570,12082,0.5701625114396967,0.00127,12,0.583,15.951,0.00713,0.12036940849433603,11.43,0.19079,481,1.000,1,1,9.63,8277,3650,155
1580,12223,0.431975030841072,0.00098,11,0.545,15.947,0.00390,0.13553722553891173,11.92,0.22844,392,1.000,1,1,9.84,8369,3699,155
1590,12368,0.3917537257476326,0.00113,13,0.692,15.943,0.00362,0.1527836125690467,9.42,0.13742,938,1.000,2,1,6.56,8471,3741,156
1600,12492,0.3811249292448585,0.00111,14,0.857,15.939,0.00358,0.14524768602458601,9.42,0.13743,902,1.000,2,1,6.90,8554,3782,156
1610,12641,0.37894625259768494,0.00255,13,0.923,15.936,0.00909,0.13958228009070173,10.92,0.17204,662,1.000,2,2,9.19,8656,3828,157
1620,12762,0.5121468739870407,0.00132,12,1.000,15.933,0.00684,0.1538847051012768,18.42,0.25287,32,1.000,1,1,5.41,8743,3862,157
1630,12891,0.35878121584773387,0.00079,12,1.000,15.930,0.00311,0.14865912083341773,18.41,0.26610,34,1.000,1,1,5.75,8825,3909,157
1640,13017,0.30200603825820077,0.00135,13,1.000,15.928,0.00774,0.14256343405250746,9.41,0.13602,957,1.000,1,1,5.97,8906,3954,157
1650,13137,0.2754439001968907,0.00038,13,1.000,15.925,0.00291,0.1382971383081513,18.41,0.08597,42,1.000,1,1,6.15,8983,3997,157
1660,13308,0.3474092670705734,0.00132,12,1.000,15.924,0.00844,0.134451770230479,18.41,0.27219,36,1.000,1,1,6.30,9089,4057,162
1670,13453,0.4778452930726334,0.00108,10,1.000,15.923,0.00817,0.1382376188019097,13.41,0.29354,261,1.000,1,1,6.42,9181,4109,163
1680,13594,0.28272563855799915,0.00034,6,1.000,15.922,0.00156,0.1467087949779148,19.91,0.19533,25,1.000,1,1,6.53,9272,4159,163
1690,13734,0.4278911267135639,0.03269,6,0.833,15.922,0.19465,0.1509453805682025,21.41,0.27813,13,1.000,1,1,6.62,9364,4207,163
1700,13860,0.6174619248252395,0.00618,10,0.800,15.921,0.06025,0.16227548004156453,18.91,0.32517,31,1.000,1,1,6.77,9445,4252,163
1710,13980,0.7037642579577009,0.00600,9,0.778,15.921,0.04768,0.15092502392213913,19.91,0.20423,25,1.000,1,1,7.06,9523,4292,165
1720,14120,0.3019620594167822,0.00347,9,0.778,15.921,0.02918,0.146261877978722,21.41,0.27360,15,1.000,1,1,7.36,9614,4338,168
1730,14269,0.3649483831703165,0.00155,10,0.900,15.920,0.01532,0.1541462114080644,16.41,0.34034,89,1.000,2,2,10.64,9712,4389,168
1740,14439,0.3847008797483522,0.00077,10,0.900,15.920,0.00771,0.138955751672401,10.41,0.19022,833,1.000,2,2,11.08,9823,4448,168
1750,14575,0.3393049815733784,0.00080,11,0.909,15.919,0.00434,0.13785641121425524,19.91,0.21941,26,1.000,2,2,11.52,9918,4489,168
1760,14747,0.6028287018492443,0.00167,11,0.909,15.918,0.01199,0.13523219111830528,9.91,0.16239,877,1.000,1,1,5.36,10031,4548,168
1770,14908,0.5245034186590547,0.00731,9,0.889,15.916,0.05613,0.13025123075571132,20.41,0.22953,28,1.000,1,1,5.56,10128,4612,168
1780,15056,0.4829945542628454,0.06681,6,0.833,15.915,0.34761,0.12857062319750032,27.91,0.24146,6,1.000,1,1,5.77,10223,4661,172
1790,15197,0.4481291784386132,0.00852,5,0.800,15.912,0.03778,0.1331044670297844,19.41,0.19359,35,1.000,1,1,5.98,10314,4710,173
1800,15340,0.28691916214785934,0.02863,10,0.800,15.909,0.13320,0.13693333187477283,19.40,0.05606,37,1.000,1,1,6.20,10407,4760,173
1810,15480,0.34882751681238744,0.00487,10,0.800,15.905,0.04007,0.1363593004913398,22.40,0.22390,11,1.000,1,1,6.43,10502,4805,173
1820,15615,0.3794442571662848,0.00916,13,0.769,15.901,0.05056,0.14433841337291056,18.90,0.23273,52,1.000,1,1,6.67,10595,4847,173
1830,15790,0.4135594483012061,0.00614,11,0.727,15.896,0.03186,0.14299150403200486,20.90,0.34428,35,1.000,1,1,6.91,10706,4911,173
1840,15954,0.49060287987701323,0.00639,14,0.786,15.892,0.05491,0.13769064046298943,23.40,0.30302,17,1.000,1,1,7.15,10812,4969,173
1850,16105,0.3605698817668255,0.00826,16,0.812,15.887,0.06742,0.14311128894789002,12.39,0.27859,540,1.000,1,1,7.36,10912,5018,175
1860,16259,0.37581760973362166,0.01989,18,0.778,15.882,0.23816,0.1456138014413437,27.39,0.05896,9,1.000,1,1,7.54,11015,5069,175
1870,16424,0.48984827729873304,0.01497,16,0.750,15.877,0.13555,0.15331388072574711,24.39,0.30658,17,1.000,1,1,3.44,11116,5132,176
1880,16571,0.35748241879892867,0.00989,21,0.810,15.873,0.07338,0.1497645993872073,26.89,0.34517,8,1.000,1,1,7.81,11213,5182,176
1890,16757,0.36845742806334586,0.41998,29,0.828,15.869,11.96346,0.15821492455452352,27.38,0.05152,6,1.000,1,1,7.90,11330,5249,178
1900,16918,0.37639987178464873,0.65632,29,0.828,15.865,18.60902,0.16008455336386704,26.88,0.26194,15,1.000,1,1,7.97,11434,5303,181
1910,17111,0.3536399009890955,0.99920,24,0.792,15.862,23.37795,0.16211947065608898,12.38,0.21957,685,1.000,1,1,8.02,11565,5364,182
1920,17257,0.3459661769681931,1.00053,23,0.783,15.860,22.41732,0.16622240395961124,15.38,0.33644,239,1.000,1,1,8.04,11673,5399,185
1930,17405,0.40319629860286144,1.06278,24,0.875,15.858,25.20669,0.1654426458058011,26.88,0.31227,5,1.000,1,1,8.06,11768,5452,185
1940,17591,0.3803633016723438,1.11261,25,0.880,15.856,27.62907,0.15386823246879489,25.88,0.11355,23,1.000,1,1,3.61,11894,5510,187
1950,17751,0.3935983173214606,1.01657,27,0.889,15.854,27.28211,0.15996845132013376,20.38,0.33958,57,1.000,1,1,3.61,11995,5569,187
1960,17908,0.3763818958282936,0.01035,24,0.917,15.853,0.14856,0.1663407012849307,20.88,0.24591,63,1.000,1,1,3.61,12094,5625,189
1970,18079,0.3821092132132568,0.00216,20,0.900,15.851,0.02077,0.15388627505280217,21.88,0.24472,37,1.000,1,1,3.62,12205,5685,189
1980,18237,0.46924250356917135,0.00866,20,0.850,15.849,0.13275,0.1579422412242073,23.37,0.33943,32,1.000,1,1,3.63,12308,5740,189
1990,18389,0.449073293141339,0.03533,17,0.824,15.848,0.51457,0.16374528483998793,22.37,0.27342,36,1.000,1,1,3.65,12408,5790,191
2000,18536,0.331715857932036,0.01652,15,0.800,15.847,0.19855,0.16934481323797612,9.87,0.15218,1095,1.000,1,1,3.67,12500,5845,191
