# RUN_PARAMS {"alfanat":0.0,"batch":true,"bussola":1,"calore_scal":false,"calore_vett":false,"chi_basc":false,"chi_core":false,"chi_da_spinore":false,"coppia":1.0,"costanti_effettive":{"CS_M":2.0,"GAMMA":0.05,"K_C":2.0,"LAM":0.8,"PHI_CRIT":6.283185307179586,"SCALA_B":1.0},"cs_dinamico":false,"csv":"out_sync_spinore\\cond_on_s3.csv","da_libera":false,"db_cleanup":false,"db_ogni":200,"denoise":false,"diaglog":"out_sync_spinore\\on_s3.csv","diffres":0.0,"dpi":100,"elast_c":null,"fps":20,"frames":0,"gamma":0.05,"giri":1.0,"guscio_morbido":false,"ham":0.0,"kfrange":0.0,"lam":0.8,"leggi_attive":{"CHI_BASC":false,"CHI_CORE":false,"CS_DINAMICO":false,"LS_AZIM":false,"OLON_PART":false,"PAV_COM":false,"PLAST_DIN":false,"POLO_MATURO":false,"REGIME":"deterministico","SPINORE":true,"SPINORE_VIVO":true,"SPIN_FEEDBACK":false,"SPIN_LARMOR":false,"SYNC_UPDATE":true,"TAU_USA_D0":false,"VERLET":false,"VERSO_CHI":false,"VIRIALE":false,"ZETA_LOC":false,"ZETA_VIR":false},"ls_azim":false,"maxnodi":4000000,"mitmax":0,"mupsi":-0.05,"nmasse":2,"nmasse_effettive":2,"nodi":900,"ogni":10,"ogni_effettivo":10,"olon_part":false,"out":null,"passi":2000,"passi_effettivi":2000,"passi_per_frame":null,"pav_com":false,"plam":1.0,"plast_din":false,"plastmit":0.0,"polo_maturo":false,"regime":null,"scala":1.0,"seed":3,"seed_effettivo":3,"sep":6.0,"sep_effettivo":6.0,"size":null,"solo_materia":false,"spin_feedback":false,"spin_larmor":false,"spin_positivi":false,"spinore_corretto":true,"spinore_vivo":true,"sync":true,"sync_db":"out_sync_spinore\\db_on_s3.pkl","sync_spinore":true,"tau_d0":false,"tauloc":1.0,"tempo_proprio_orientato":false,"test":null,"tw_spinore":false,"verlet":false,"verso_chi":false,"viriale":false,"vista_rete":false,"zeta":0.75,"zeta_loc":false,"zeta_vir":false}
passo,n_tot,ord_centrale,dens_centrale,n_centrali,frac_nati_centrali,dist_masse,dens_picco_centrale,ord_masse,antiguscio_raggio,antiguscio_coerenza_min,antiguscio_nodi,antiguscio_tau,picchi_totali,picchi_nuovi,raggio_picco_nuovo
0,824,0.1558677412557319,0.00000,6,0.000,12.055,0.00000,0.9987115508553951,5.25,0.15587,8,0.000,2,2,4.08,744,0,80
10,906,0.24442134903397178,0.00000,5,0.000,12.055,0.00000,0.6032331225634893,6.75,0.24442,5,1.386,2,0,0.00,803,22,81
20,1061,,0.00000,2,0.000,12.055,0.00000,0.4184137671652784,7.25,0.07974,11,1.394,1,0,0.00,922,58,81
30,1169,,0.00000,2,0.000,12.055,0.00000,0.3635486367594241,8.75,0.26509,6,1.414,2,0,0.00,1000,88,81
40,1286,0.738452327436794,0.00000,5,0.000,12.055,0.00000,0.35205904217873085,6.25,0.36898,9,1.414,1,0,0.00,1088,117,81
50,1349,0.6065705208822937,0.00000,5,0.000,12.055,0.00000,0.32656012304004967,11.25,0.22244,40,1.030,1,0,0.00,1138,130,81
60,1415,0.6029390862594939,0.00000,5,0.000,12.055,0.00000,0.28767902262605055,11.25,0.17537,41,0.821,2,0,0.00,1184,148,83
70,1483,,0.00000,2,0.000,12.055,0.00000,0.23490683698931236,6.75,0.37281,6,1.412,2,0,0.00,1235,165,83
80,1537,,0.00000,4,0.000,12.055,0.00000,0.20872524174910737,11.25,0.15780,43,0.977,2,0,0.00,1275,179,83
90,1581,,0.00000,4,0.000,12.054,0.00000,0.20067945952354754,11.25,0.16908,44,0.848,2,0,0.00,1303,195,83
100,1604,,0.00000,4,0.000,12.054,0.00000,0.18030802759674966,9.25,0.10838,5,1.409,1,0,0.00,1323,198,83
110,1627,,0.00000,5,0.200,12.054,0.00000,0.16651066810698278,11.25,0.15679,44,1.257,1,1,7.47,1339,205,83
120,1643,,0.00000,5,0.200,12.054,0.00000,0.14376108629237833,4.75,0.31182,6,1.414,2,2,7.50,1351,209,83
130,1643,,0.00000,5,0.200,12.054,0.00000,0.14332635917658967,5.25,0.42877,6,1.414,2,2,7.51,1351,209,83
140,1657,,0.00000,5,0.200,12.053,0.00000,0.1409941877107671,7.75,0.33521,9,1.414,2,2,7.55,1363,211,83
150,1665,0.5567412705230754,0.00000,5,0.200,12.053,0.00000,0.1508292947396024,11.25,0.21197,49,1.098,2,2,7.57,1369,213,83
160,1672,0.8009129579682653,0.00000,5,0.200,12.053,0.00000,0.13975337405365848,11.25,0.20603,48,1.098,2,2,7.59,1374,215,83
170,1688,0.13089419540474745,0.00000,6,0.167,12.053,0.00000,0.16113595224707386,3.75,0.13089,5,1.414,2,2,7.62,1387,218,83
180,1701,0.931926012007574,0.00000,6,0.167,12.052,0.00000,0.14617263966749508,6.25,0.46684,9,1.414,2,2,7.65,1396,222,83
190,1715,0.8564854569744038,0.00000,6,0.167,12.052,0.00000,0.16115202220230085,12.25,0.14952,491,0.661,2,2,7.68,1406,226,83
200,1715,0.9277055523940911,0.00000,5,0.200,12.052,0.00000,0.1659756350383615,6.25,0.43935,9,1.413,2,2,7.67,1406,226,83
210,1718,0.2947761147791743,0.00000,5,0.200,12.052,0.00000,0.15636105150155719,12.75,0.12487,88,1.014,1,1,7.67,1409,226,83
220,1729,,0.00000,4,0.000,12.051,0.00000,0.16447738452918678,12.75,0.13418,90,0.842,1,1,7.66,1417,229,83
230,1731,,0.00000,4,0.000,12.051,0.00000,0.1412448746862567,6.75,0.31166,9,1.400,1,1,7.66,1419,229,83
240,1736,,0.00000,5,0.000,12.051,0.00001,0.16141736381389837,8.75,0.17336,7,1.414,1,1,7.64,1423,230,83
250,1742,,0.00000,5,0.000,12.051,0.00001,0.17715686612171574,3.25,0.14143,5,1.414,1,1,7.63,1427,232,83
260,1750,,0.00000,5,0.000,12.051,0.00000,0.1678608683895372,6.75,0.51139,9,1.412,1,1,7.63,1434,232,84
270,1768,,0.00000,5,0.000,12.050,0.00001,0.09586887235602815,6.75,0.31924,9,1.344,1,1,7.63,1445,239,84
280,1782,,0.00000,5,0.000,12.050,0.00000,0.0771534844703166,12.75,0.03562,95,1.203,1,1,7.62,1454,244,84
290,1792,,0.00000,5,0.000,12.050,0.00000,0.12473000939440401,6.75,0.34405,9,1.405,1,1,7.63,1460,248,84
300,1809,,0.00000,5,0.000,12.050,0.00001,0.14304106830373173,6.75,0.25084,9,1.414,1,1,7.63,1471,254,84
310,1825,,0.00000,6,0.000,12.050,0.00001,0.18816142974513717,9.25,0.35479,6,1.409,1,1,7.63,1480,261,84
320,1836,,0.00000,6,0.000,12.049,0.00001,0.21231979043913848,9.25,0.15703,6,1.411,1,1,7.60,1488,264,84
330,1845,,0.00001,6,0.000,12.049,0.00002,0.23150195416575958,7.25,0.29700,9,1.410,2,2,7.59,1494,267,84
340,1858,,0.00001,6,0.000,12.049,0.00005,0.25304614974109413,9.25,0.20174,6,1.407,2,2,7.56,1505,269,84
350,1862,,0.00001,6,0.000,12.049,0.00003,0.27934240221570716,7.25,0.45445,10,1.412,2,2,7.55,1508,270,84
360,1870,,0.00001,7,0.000,12.049,0.00001,0.27939349236895866,6.75,0.27445,8,1.413,2,2,7.54,1514,272,84
370,1884,,0.00002,7,0.000,12.049,0.00005,0.28911133798794203,12.75,0.17829,91,1.235,2,2,7.56,1524,276,84
380,1900,,0.00001,6,0.000,12.048,0.00004,0.3003339936929608,7.25,0.42614,10,1.412,2,2,7.58,1538,278,84
390,1912,,0.00002,6,0.000,12.048,0.00008,0.31610888212452115,7.25,0.35852,9,1.358,2,2,7.60,1547,281,84
400,1928,,0.00001,6,0.000,12.048,0.00003,0.3186599605069525,7.25,0.26238,8,1.414,2,2,7.64,1557,287,84
410,1936,,0.00008,6,0.000,12.048,0.00010,0.321279522243445,12.75,0.17431,97,1.249,2,2,7.66,1564,288,84
420,1951,0.34349077597486577,0.00003,6,0.000,12.048,0.00005,0.32777035323500237,7.75,0.32629,9,1.401,2,2,7.66,1575,292,84
430,1973,0.8261532279682896,0.00005,7,0.000,12.047,0.00014,0.31205367479614243,12.75,0.20845,101,1.040,2,2,7.67,1591,298,84
440,1988,0.6933518027447605,0.00006,7,0.000,12.047,0.00015,0.29407268433395856,7.25,0.47512,9,1.405,2,2,7.67,1603,301,84
450,2001,0.6167854765013676,0.00003,7,0.000,12.047,0.00006,0.2930823333220789,11.25,0.19881,64,0.959,2,2,7.69,1612,305,84
460,2021,0.353209754110898,0.00004,7,0.000,12.047,0.00008,0.292848989964866,7.75,0.17637,7,1.409,2,2,7.67,1625,312,84
470,2036,0.5604618437501485,0.00006,8,0.000,12.047,0.00019,0.2985680679762528,3.75,0.36072,6,1.337,2,2,7.66,1636,316,84
480,2048,0.66485632545694,0.00003,8,0.000,12.047,0.00007,0.29694598270311784,11.25,0.10490,72,1.187,1,1,4.45,1643,321,84
490,2056,0.5173555238565665,0.00003,8,0.000,12.046,0.00008,0.28644531912076965,8.75,0.15900,8,1.414,1,1,4.45,1648,324,84
500,2071,0.7312766499657843,0.00003,8,0.000,12.046,0.00007,0.2780429276198513,11.25,0.13049,73,1.294,1,1,4.46,1657,330,84
510,2087,0.7187523691285147,0.00010,8,0.000,12.046,0.00019,0.29022309695281107,8.75,0.13364,6,1.409,2,2,7.68,1667,336,84
520,2090,0.5005570770259101,0.00003,9,0.000,12.046,0.00007,0.2884316669395478,12.75,0.12051,117,1.245,2,2,7.67,1669,337,84
530,2095,0.5708701030304685,0.00003,9,0.000,12.046,0.00014,0.2887238120615272,12.75,0.12327,118,1.075,2,2,7.68,1673,338,84
540,2097,0.6067279025979629,0.00006,9,0.000,12.046,0.00015,0.29509340463437556,0.75,0.17174,549,1.028,2,2,7.69,1675,338,84
550,2109,0.47083203944932966,0.00003,9,0.000,12.045,0.00006,0.29068265940195176,8.75,0.08472,8,1.414,1,1,7.70,1682,343,84
560,2118,0.5727796726418473,0.00019,9,0.000,12.045,0.00036,0.31284138978433057,0.75,0.21204,557,0.786,1,1,7.72,1689,345,84
570,2127,0.5109152181209689,0.00013,9,0.000,12.045,0.00037,0.32161509485854056,7.75,0.06897,4,1.413,1,1,7.71,1696,347,84
580,2142,0.6334051752688556,0.00016,9,0.000,12.045,0.00053,0.33445845802013685,1.75,0.23391,12,1.165,1,1,7.68,1706,352,84
590,2159,0.6313816621171048,0.00015,10,0.000,12.045,0.00052,0.32813964821568914,0.75,0.24450,584,0.801,1,1,7.67,1717,358,84
600,2164,0.6538982867000981,0.00005,9,0.000,12.045,0.00011,0.33176855596726645,7.75,0.18455,4,1.414,1,1,7.67,1721,359,84
610,2171,0.4602455931623673,0.00007,10,0.000,12.044,0.00017,0.3270746426684198,11.25,0.25704,84,0.611,1,1,7.67,1725,362,84
620,2175,0.6325482315206239,0.00009,10,0.000,12.044,0.00014,0.3412300553227863,11.25,0.25379,88,0.822,1,1,7.66,1727,364,84
630,2184,0.40000826177083904,0.00012,10,0.000,12.044,0.00021,0.3428150925885642,8.25,0.20770,6,1.414,1,1,7.65,1733,367,84
640,2193,0.43775220143718024,0.00015,11,0.000,12.044,0.00050,0.33229970914012397,8.25,0.18398,6,1.414,1,1,7.64,1740,369,84
650,2197,0.4099953440595095,0.00016,11,0.000,12.044,0.00069,0.32820728440777047,7.75,0.13648,4,1.414,1,1,7.64,1744,369,84
660,2205,0.6701237531785684,0.00011,11,0.000,12.044,0.00031,0.33204257328893294,11.25,0.23580,93,0.745,1,1,7.64,1749,372,84
670,2219,0.36895137971768266,0.00033,11,0.000,12.043,0.00083,0.323753409262715,6.25,0.13800,7,1.413,1,1,7.64,1757,378,84
680,2233,0.5088393694961247,0.00028,11,0.000,12.043,0.00067,0.3262829270724258,12.75,0.22367,158,0.963,1,1,7.68,1766,383,84
690,2245,0.4054397774861528,0.00030,11,0.000,12.043,0.00053,0.3291137315595289,5.75,0.24131,6,1.382,1,1,7.72,1773,388,84
700,2251,0.5860490255888696,0.00029,12,0.000,12.043,0.00094,0.3160391748538393,9.25,0.23292,4,1.414,1,1,7.75,1777,390,84
710,2264,0.31610374643829114,0.00022,12,0.000,12.043,0.00051,0.32306004406541006,6.25,0.16649,7,1.414,1,1,7.79,1789,391,84
720,2271,0.6888442078003943,0.00044,12,0.000,12.043,0.00131,0.3209600276002317,6.25,0.33301,7,1.414,1,1,7.81,1794,393,84
730,2278,0.5157683981037638,0.00023,12,0.000,12.042,0.00065,0.3331964025918295,8.25,0.13466,4,1.414,1,1,7.83,1798,396,84
740,2290,0.4326166298843087,0.00014,12,0.000,12.042,0.00031,0.3377589274710931,4.25,0.14170,4,1.414,1,1,7.86,1807,399,84
750,2296,0.5411387291442208,0.00026,12,0.000,12.042,0.00055,0.33237047910872314,12.75,0.22845,166,1.039,1,1,7.88,1811,401,84
760,2308,0.3762248607461754,0.00022,12,0.000,12.042,0.00051,0.33698887772212727,12.75,0.24909,167,0.875,1,1,7.91,1820,404,84
770,2333,0.44145356810070346,0.00031,12,0.000,12.042,0.00119,0.33168447749234475,5.75,0.20956,7,1.383,2,1,7.95,1838,411,84
780,2348,0.6546824835943831,0.00108,12,0.000,12.042,0.00293,0.3277806067856037,12.75,0.25268,170,0.852,2,1,7.98,1848,416,84
790,2361,0.38651803976351407,0.00061,12,0.000,12.042,0.00119,0.3419138299663739,5.75,0.12904,7,1.414,2,1,7.99,1857,420,84
800,2368,0.49948131022445846,0.00028,13,0.000,12.041,0.00096,0.3365471688912053,12.25,0.27054,338,0.925,2,1,8.00,1861,423,84
810,2385,0.46081823158997226,0.00048,13,0.000,12.041,0.00144,0.3285332435752584,0.75,0.25245,690,0.823,2,1,8.01,1874,427,84
820,2394,0.3738209155581112,0.00062,13,0.000,12.041,0.00131,0.33746155904060493,6.25,0.19450,8,1.411,2,1,8.02,1880,430,84
830,2404,0.358556085998603,0.00058,13,0.000,12.041,0.00129,0.3472373317795507,7.25,0.05299,8,1.414,2,1,8.03,1887,433,84
840,2409,0.679382318175933,0.00079,13,0.000,12.041,0.00182,0.34823722843616545,12.75,0.25616,181,0.889,2,0,0.00,1891,434,84
850,2419,0.4193400225526354,0.00051,13,0.000,12.041,0.00136,0.34609435691218493,7.25,0.17292,8,1.414,2,0,0.00,1896,439,84
860,2436,0.47465998904930506,0.00048,13,0.000,12.040,0.00200,0.32256271602924114,12.75,0.21664,186,0.783,2,0,0.00,1909,443,84
870,2455,0.6598960129315948,0.00048,13,0.000,12.040,0.00178,0.3099084065728344,7.75,0.17442,6,1.414,2,0,0.00,1919,452,84
880,2461,0.4015983046802036,0.00051,13,0.000,12.040,0.00134,0.2871476849099856,4.25,0.25263,4,1.414,2,0,0.00,1924,453,84
890,2466,0.44658294288198147,0.00148,13,0.000,12.040,0.00382,0.27493840289568683,5.75,0.20768,6,1.413,2,0,0.00,1928,454,84
900,2474,0.5620999050812737,0.00114,13,0.000,12.040,0.00382,0.28463369335827743,12.75,0.24030,195,0.747,2,0,0.00,1934,456,84
910,2490,0.7269079540691286,0.00042,12,0.000,12.040,0.00093,0.28454553772315944,8.25,0.13210,5,1.398,2,0,0.00,1947,459,84
920,2508,0.4224425758889086,0.00065,12,0.000,12.040,0.00140,0.28248235096338237,12.25,0.23610,336,0.759,2,0,0.00,1959,465,84
930,2513,0.4882535298313528,0.00089,13,0.000,12.039,0.00218,0.27810771473214124,4.75,0.20397,4,1.414,2,0,0.00,1963,466,84
940,2529,0.5186202907300835,0.00115,14,0.000,12.039,0.00335,0.2736891543664523,8.75,0.10393,4,1.414,2,0,0.00,1976,469,84
950,2549,0.5282743154562232,0.00161,15,0.000,12.039,0.00636,0.2741596194013419,2.25,0.21540,12,1.059,2,0,0.00,1988,477,84
960,2563,0.6508976550923029,0.00151,15,0.000,12.039,0.00379,0.2756569437319189,2.25,0.19217,7,1.263,1,0,0.00,1997,482,84
970,2576,0.6343574332293819,0.00235,13,0.000,12.039,0.01049,0.28533283872087195,8.25,0.20368,4,1.414,1,0,0.00,2004,488,84
980,2594,0.680711918766061,0.00077,11,0.000,12.039,0.00173,0.2952767669669581,8.25,0.21377,5,1.413,1,0,0.00,2016,494,84
990,2609,0.47204059860154296,0.00174,12,0.000,12.038,0.00424,0.2972126664392474,5.25,0.24370,6,1.407,1,0,0.00,2027,498,84
1000,2617,0.628897126958185,0.00064,12,0.000,12.038,0.00213,0.29622935209095297,12.75,0.24034,215,0.773,1,0,0.00,2033,500,84
1010,2629,0.5608233952580352,0.00128,12,0.000,12.038,0.00291,0.3011849643493052,9.75,0.21554,6,1.236,1,0,0.00,2040,505,84
1020,2649,0.4589024757186056,0.00125,12,0.000,12.038,0.00566,0.2990624558089601,0.75,0.25617,645,0.648,1,0,0.00,2052,513,84
1030,2663,0.6407860483932056,0.00143,14,0.000,12.038,0.00535,0.2924130575791161,9.25,0.12810,4,1.379,1,0,0.00,2062,517,84
1040,2689,0.4700294745735143,0.00091,14,0.000,12.038,0.00372,0.2948323209780375,3.75,0.04859,5,1.414,1,0,0.00,2078,527,84
1050,2700,0.4741928716130539,0.00105,14,0.000,12.038,0.00417,0.2798054241776781,3.75,0.16733,5,1.410,1,1,7.46,2089,527,84
1060,2713,0.6076417048442452,0.00235,14,0.000,12.038,0.00533,0.2849585937931717,12.75,0.21763,221,0.639,1,1,7.49,2097,532,84
1070,2717,0.5707268546323756,0.00168,14,0.000,12.037,0.00491,0.3004993532483378,1.75,0.28081,62,0.956,1,1,7.51,2100,533,84
1080,2733,0.6764311127627424,0.00328,14,0.000,12.037,0.01108,0.28484158214931277,1.75,0.28626,68,1.160,1,1,7.55,2113,536,84
1090,2752,0.5828606239569427,0.00181,14,0.000,12.037,0.00630,0.2931458304876699,12.75,0.23087,221,0.752,1,1,7.56,2124,544,84
1100,2763,0.5265715898734954,0.00137,14,0.000,12.037,0.00338,0.27576084744660023,10.25,0.21139,6,1.279,1,1,7.58,2131,548,84
1110,2774,0.4814979582108796,0.00177,14,0.000,12.037,0.00605,0.29253527053866657,7.25,0.25006,7,1.414,1,1,7.60,2138,552,84
1120,2793,0.5867653095747576,0.00145,14,0.000,12.037,0.00533,0.29083553556556757,7.25,0.18432,7,1.414,1,1,7.60,2149,560,84
1130,2808,0.5854774659194761,0.00168,14,0.000,12.037,0.00403,0.3002562222624959,13.25,0.22937,64,1.084,1,1,7.61,2159,565,84
1140,2831,0.6255265267197417,0.00171,13,0.000,12.036,0.00868,0.3057951921721419,2.75,0.23339,4,1.414,1,1,7.63,2173,574,84
1150,2842,0.5938583822570048,0.00190,13,0.000,12.036,0.00743,0.29285710472279824,2.75,0.27670,4,1.414,1,1,7.66,2181,577,84
1160,2860,0.5522949986326133,0.00358,13,0.000,12.036,0.00928,0.29910884906630647,11.25,0.28310,234,0.992,1,1,7.69,2194,582,84
1170,2883,0.5028848617561122,0.00391,14,0.000,12.036,0.01253,0.28618801332549026,11.25,0.27331,237,0.893,1,1,7.69,2207,592,84
1180,2897,0.6235910982001736,0.00497,14,0.000,12.036,0.00888,0.3037803263069405,12.75,0.30105,209,0.663,1,1,7.70,2218,595,84
1190,2918,0.5823184901628008,0.00664,14,0.000,12.036,0.01652,0.2845633495163365,4.25,0.31038,5,1.411,1,1,7.72,2231,603,84
1200,2939,0.3214391456168016,0.00172,14,0.000,12.036,0.00603,0.293709355893173,4.25,0.17698,4,1.227,1,1,7.76,2246,609,84
1210,2951,0.43039069205285346,0.00382,15,0.000,12.036,0.00953,0.2893443724618002,12.75,0.28126,380,0.856,1,1,7.77,2254,613,84
1220,2967,0.5039167646182964,0.00582,15,0.000,12.035,0.01408,0.2955232318322408,7.47,0.33326,95,0.949,1,1,7.79,2266,617,84
1230,2981,0.48732046800113105,0.00309,15,0.000,12.035,0.00955,0.3065486206362448,7.47,0.32030,96,1.091,1,1,7.80,2276,621,84
1240,3003,0.4190389434642954,0.00333,15,0.000,12.035,0.01000,0.29960061715319236,7.47,0.34527,96,1.071,1,1,7.84,2288,631,84
1250,3015,0.4156936085304812,0.00370,16,0.000,12.035,0.00918,0.2957503926414251,7.47,0.33866,97,0.932,1,1,7.86,2295,636,84
1260,3034,0.4165261356555256,0.00488,15,0.000,12.035,0.01386,0.29425641719758155,7.47,0.34714,97,1.023,1,1,7.90,2308,642,84
1270,3044,0.3446126825582239,0.00584,16,0.062,12.035,0.01231,0.28952269760740007,7.97,0.32738,25,1.054,1,1,7.91,2315,645,84
1280,3058,0.42313564193633435,0.00352,17,0.059,12.034,0.01006,0.26647470081462793,7.47,0.36850,99,1.034,1,1,7.92,2322,652,84
1290,3083,0.4414053283603112,0.00160,17,0.059,12.034,0.00443,0.2572787168037387,7.47,0.34362,104,0.988,1,1,7.93,2338,661,84
1300,3101,0.47352899895842837,0.00750,17,0.059,12.034,0.01935,0.25587397857110133,7.47,0.35538,105,1.037,1,1,7.94,2350,667,84
1310,3111,0.4422582466259587,0.00571,18,0.056,12.034,0.00920,0.245738011207951,7.47,0.31217,111,1.013,1,1,7.96,2357,670,84
1320,3126,0.4608869733027029,0.00503,18,0.056,12.034,0.01390,0.2527929695327314,7.47,0.32033,120,0.996,1,1,7.97,2368,674,84
1330,3139,0.488897452624486,0.00285,19,0.053,12.034,0.00815,0.24390375351446955,7.47,0.30547,119,0.866,1,1,7.99,2377,678,84
1340,3151,0.48175730257958044,0.00698,19,0.053,12.034,0.02616,0.21853096342299685,7.47,0.28140,117,0.778,1,1,7.99,2385,682,84
1350,3174,0.5460636988429048,0.00727,19,0.053,12.033,0.02397,0.19079972798343586,7.47,0.24441,123,0.954,1,1,8.02,2401,689,84
1360,3184,0.44495155183143087,0.00504,18,0.056,12.033,0.02860,0.16689125056473345,7.47,0.25913,125,0.728,1,1,8.04,2410,690,84
1370,3205,0.5591178868635274,0.00597,19,0.053,12.033,0.01847,0.16318216632340551,7.47,0.24483,127,0.934,1,1,8.06,2424,697,84
1380,3221,0.490181305120858,0.00791,19,0.053,12.033,0.02596,0.14255940951246288,7.47,0.25226,128,0.992,1,1,8.06,2434,703,84
1390,3234,0.4858409813468561,0.00522,20,0.050,12.033,0.04403,0.13820133407641513,7.47,0.25717,129,0.987,1,1,8.08,2444,706,84
1400,3247,0.471183449423748,0.00486,20,0.050,12.033,0.01589,0.18295245446667327,7.47,0.24616,132,0.970,1,1,8.10,2452,711,84
1410,3256,0.4990104214170329,0.00412,20,0.050,12.033,0.01454,0.19554601880115727,7.97,0.24052,26,0.601,1,1,8.12,2458,714,84
1420,3278,0.42171620637671836,0.00739,20,0.050,12.033,0.01738,0.20322505819756884,7.97,0.23376,25,0.959,1,1,8.13,2474,720,84
1430,3286,0.4814390705288955,0.00753,20,0.050,12.033,0.01932,0.20668028761871682,7.97,0.24242,26,0.944,1,1,8.14,2479,723,84
1440,3300,0.5617347954975862,0.01130,20,0.050,12.033,0.02404,0.2246391406802009,10.25,0.13358,10,1.353,1,1,8.15,2488,728,84
1450,3316,0.4619002905449958,0.01013,19,0.053,12.032,0.03710,0.22880392773231628,10.25,0.12014,10,1.352,2,2,8.17,2498,734,84
1460,3335,0.36062786829309224,0.00689,19,0.053,12.032,0.02310,0.24108160288708652,10.25,0.10309,10,1.322,2,2,8.18,2510,741,84
1470,3343,0.4459445146346946,0.00717,19,0.053,12.032,0.01806,0.23549337303790963,7.97,0.25709,28,0.837,2,1,4.36,2513,746,84
1480,3362,0.4599491436537893,0.00981,20,0.050,12.031,0.02840,0.23120362115799684,7.97,0.29107,27,1.118,2,1,4.37,2524,754,84
1490,3377,0.5589018891547449,0.00959,20,0.050,12.031,0.03571,0.2626972173325862,7.97,0.27796,27,0.835,2,1,4.38,2533,760,84
1500,3393,0.5416304445329255,0.00808,20,0.050,12.031,0.03029,0.26482890063958225,7.97,0.27241,28,0.998,2,1,4.39,2544,765,84
1510,3407,0.6488066633078693,0.01443,20,0.050,12.030,0.04714,0.2747657320059103,7.97,0.23597,29,0.810,2,1,4.41,2551,772,84
1520,3418,0.48598068095958113,0.00688,19,0.053,12.030,0.02653,0.27847520389160285,7.97,0.26393,29,1.016,2,1,3.46,2558,776,84
1530,3426,0.4206868420710043,0.00674,19,0.053,12.030,0.02258,0.2978752197645682,7.96,0.26696,40,1.142,2,1,3.47,2563,779,84
1540,3438,0.42801087848357783,0.00381,19,0.053,12.029,0.01373,0.2920853933939172,7.46,0.29540,192,0.943,2,1,3.48,2572,782,84
1550,3453,0.44092144886706874,0.01333,20,0.050,12.029,0.04452,0.31144458599832153,7.96,0.26502,47,0.947,2,2,7.44,2581,788,84
1560,3472,0.5288895486157528,0.01420,20,0.050,12.028,0.08978,0.2954388113156618,7.96,0.25897,48,1.048,2,2,7.49,2591,797,84
1570,3483,0.5933035590135984,0.01370,20,0.050,12.028,0.05288,0.3214536696043569,7.96,0.25485,52,1.078,2,2,7.52,2598,801,84
1580,3492,0.5604561860503582,0.01616,20,0.050,12.028,0.07036,0.3285492001874413,7.96,0.27766,59,1.104,2,2,7.55,2607,801,84
1590,3513,0.608503661230638,0.01493,19,0.053,12.027,0.04446,0.3497276337340054,7.46,0.29065,258,0.952,2,2,7.58,2620,809,84
1600,3532,0.5227031796021434,0.00831,20,0.050,12.027,0.03066,0.3452682702147649,7.46,0.27180,278,0.947,2,2,7.60,2633,815,84
1610,3542,0.45402292129616073,0.00992,20,0.050,12.026,0.03327,0.34299817709122704,7.46,0.25317,298,0.912,2,2,7.61,2640,818,84
1620,3548,0.31531396823834784,0.01307,20,0.050,12.026,0.05252,0.349426144682178,7.96,0.25101,67,1.023,2,2,7.62,2645,819,84
1630,3560,0.6350652465495248,0.02661,20,0.100,12.026,0.05164,0.35342624204675444,7.46,0.27008,340,0.924,2,2,7.65,2654,822,84
1640,3579,0.4958264815567765,0.01420,21,0.095,12.025,0.04583,0.3683443130777344,7.96,0.25709,74,1.090,2,2,7.67,2663,832,84
1650,3593,0.35146783794216646,0.00870,21,0.095,12.025,0.02664,0.3558080183348794,7.96,0.22662,70,1.012,2,2,7.69,2672,837,84
1660,3601,0.36573007988186584,0.01619,21,0.095,12.025,0.06629,0.33536690279168924,7.96,0.21198,72,1.063,2,2,7.71,2677,840,84
1670,3619,0.4023232348348205,0.02011,21,0.095,12.024,0.07347,0.3348146521234331,7.96,0.20309,78,1.038,2,2,7.73,2689,846,84
1680,3634,0.5505654586577529,0.02115,20,0.100,12.024,0.05128,0.3560789818856021,7.96,0.24618,87,1.031,2,2,7.72,2700,850,84
1690,3646,0.5747726674077556,0.01861,20,0.100,12.024,0.07902,0.34747889772698626,7.96,0.22872,96,0.979,2,2,7.73,2707,855,84
1700,3654,0.4256471565653238,0.03643,21,0.095,12.023,0.14418,0.35290597220408343,7.96,0.22565,119,0.995,2,2,7.72,2713,857,84
1710,3666,0.4136251910841164,0.02741,21,0.095,12.023,0.13521,0.3426033114884563,7.96,0.21943,141,1.007,2,2,7.71,2718,864,84
1720,3680,0.46989038949217116,0.02369,20,0.100,12.022,0.12193,0.32713407119455923,7.96,0.19930,162,1.000,2,2,7.69,2728,868,84
1730,3688,0.4014224123579015,0.03011,21,0.095,12.022,0.15841,0.3156285298753157,7.96,0.20946,187,1.017,2,2,7.68,2732,872,84
1740,3692,0.3169119931768652,0.01559,21,0.095,12.022,0.05734,0.296819722661151,7.46,0.23614,563,0.966,2,2,7.68,2736,872,84
1750,3704,0.41022658526992634,0.01686,21,0.143,12.021,0.07591,0.2996888884120913,7.96,0.22054,223,0.984,2,2,7.68,2745,875,84
1760,3721,0.36483986210021574,0.01571,23,0.130,12.021,0.04497,0.2948324620023549,7.96,0.19230,250,0.994,2,2,7.70,2756,881,84
1770,3732,0.3158137917453306,0.02675,22,0.091,12.021,0.07628,0.301360064633298,7.96,0.19647,278,0.990,2,2,7.72,2764,884,84
1780,3743,0.38962616713166764,0.02344,22,0.091,12.021,0.11239,0.30878609508131305,7.96,0.20041,291,0.999,2,2,7.74,2773,886,84
1790,3759,0.4420343299993663,0.02071,23,0.130,12.021,0.09621,0.296741209994819,7.96,0.19318,318,0.996,2,2,7.75,2785,890,84
1800,3768,0.3451908286951244,0.03919,23,0.130,12.021,0.15877,0.2640038932842439,7.96,0.18315,342,1.010,2,2,7.77,2793,891,84
1810,3786,0.38341207366268254,0.03531,23,0.130,12.020,0.12438,0.24751849987608174,7.96,0.17434,354,0.984,2,2,7.77,2806,896,84
1820,3797,0.4437246793489062,0.02343,23,0.174,12.020,0.08371,0.24557777598562258,8.46,0.15525,99,1.032,2,2,7.76,2814,899,84
1830,3818,0.5901063138580471,0.06592,22,0.182,12.020,0.26162,0.23792310724725688,8.46,0.18037,116,1.020,2,2,7.75,2826,908,84
1840,3828,0.33041107236639694,0.02691,23,0.217,12.020,0.06158,0.24670367578117353,8.46,0.17025,123,1.049,2,2,7.73,2833,911,84
1850,3834,0.3773739971959184,0.04668,23,0.261,12.020,0.21691,0.2346400998935224,8.46,0.18073,130,1.043,2,2,7.70,2837,913,84
1860,3850,0.40493672758930366,0.04623,24,0.250,12.020,0.25598,0.214698732454397,7.46,0.19364,602,0.960,2,2,7.67,2848,918,84
1870,3869,0.4522283028807667,0.03727,23,0.261,12.020,0.16896,0.19256562450803957,7.46,0.18621,594,0.937,2,2,7.63,2863,922,84
1880,3885,0.3523048454543815,0.02895,23,0.261,12.020,0.07369,0.1774944260300096,7.96,0.18685,391,0.987,2,2,7.58,2874,927,84
1890,3898,0.39829390475549886,0.02167,24,0.292,12.020,0.09792,0.1854531232029693,7.96,0.16365,400,0.983,2,2,7.53,2883,931,84
1900,3908,0.38851248448204473,0.03147,27,0.333,12.020,0.11123,0.17683976415886438,7.96,0.15924,424,1.033,2,2,7.47,2889,935,84
1910,3923,0.44708775027267944,0.03066,26,0.308,12.020,0.09601,0.17337011597884963,7.96,0.15586,425,0.898,2,2,7.44,2898,941,84
1920,3942,0.4079704817801671,0.02686,27,0.333,12.020,0.08355,0.18534539900579877,7.46,0.16441,587,0.971,2,2,7.49,2910,948,84
1930,3959,0.4177755293490925,0.05013,25,0.280,12.020,0.23841,0.20097975810685118,7.46,0.14978,582,0.973,2,2,7.53,2921,954,84
1940,3972,0.4744265568407658,0.04123,25,0.280,12.020,0.12940,0.2040261669604095,7.46,0.18611,568,1.000,2,2,7.56,2932,956,84
1950,3984,0.4518166609319897,0.04697,23,0.261,12.020,0.19311,0.18569558346938175,7.46,0.15607,565,1.012,2,2,7.60,2941,959,84
1960,3999,0.32597651175288983,0.02939,23,0.261,12.020,0.11085,0.18144729651183106,7.46,0.17160,569,0.985,2,2,7.63,2951,964,84
1970,4019,0.43800838773665035,0.04207,22,0.227,12.020,0.14562,0.18994803019264242,7.46,0.15352,589,0.976,2,2,7.66,2965,970,84
1980,4040,0.30840469238713675,0.02791,22,0.227,12.020,0.10189,0.16447874668440615,7.46,0.14704,594,0.979,2,2,7.67,2978,978,84
1990,4061,0.4676585606794434,0.08378,21,0.190,12.019,0.23210,0.16463037991628401,7.46,0.16659,606,0.994,2,2,7.68,2992,985,84
2000,4078,0.3042443836830233,0.04155,21,0.190,12.019,0.11938,0.15762363076827218,7.46,0.14402,607,1.014,2,2,7.68,3003,991,84
