# RUN_PARAMS {"alfanat":0.0,"batch":true,"bussola":1,"calore_scal":false,"calore_vett":false,"chi_basc":false,"chi_core":false,"chi_da_spinore":false,"coppia":1.0,"costanti_effettive":{"CS_M":2.0,"GAMMA":0.05,"K_C":2.0,"LAM":0.8,"PHI_CRIT":6.283185307179586,"SCALA_B":1.0},"cs_dinamico":false,"csv":"out_sync_spinore\\cond_off_s1.csv","da_libera":false,"db_cleanup":false,"db_ogni":200,"denoise":false,"diaglog":"out_sync_spinore\\off_s1.csv","diffres":0.0,"dpi":100,"elast_c":null,"fps":20,"frames":0,"gamma":0.05,"giri":1.0,"guscio_morbido":false,"ham":0.0,"kfrange":0.0,"lam":0.8,"leggi_attive":{"CHI_BASC":false,"CHI_CORE":false,"CS_DINAMICO":false,"LS_AZIM":false,"OLON_PART":false,"PAV_COM":false,"PLAST_DIN":false,"POLO_MATURO":false,"REGIME":"deterministico","SPINORE":true,"SPINORE_VIVO":true,"SPIN_FEEDBACK":false,"SPIN_LARMOR":false,"SYNC_UPDATE":true,"TAU_USA_D0":false,"VERLET":false,"VERSO_CHI":false,"VIRIALE":false,"ZETA_LOC":false,"ZETA_VIR":false},"ls_azim":false,"maxnodi":4000000,"mitmax":0,"mupsi":-0.05,"nmasse":2,"nmasse_effettive":2,"nodi":900,"ogni":10,"ogni_effettivo":10,"olon_part":false,"out":null,"passi":2000,"passi_effettivi":2000,"passi_per_frame":null,"pav_com":false,"plam":1.0,"plast_din":false,"plastmit":0.0,"polo_maturo":false,"regime":null,"scala":1.0,"seed":1,"seed_effettivo":1,"sep":6.0,"sep_effettivo":6.0,"size":null,"solo_materia":false,"spin_feedback":false,"spin_larmor":false,"spin_positivi":false,"spinore_corretto":true,"spinore_vivo":true,"sync":true,"sync_db":"out_sync_spinore\\db_off_s1.pkl","sync_spinore":false,"tau_d0":false,"tauloc":1.0,"tempo_proprio_orientato":false,"test":null,"tw_spinore":false,"verlet":false,"verso_chi":false,"viriale":false,"vista_rete":false,"zeta":0.75,"zeta_loc":false,"zeta_vir":false}
passo,n_tot,ord_centrale,dens_centrale,n_centrali,frac_nati_centrali,dist_masse,dens_picco_centrale,ord_masse,antiguscio_raggio,antiguscio_coerenza_min,antiguscio_nodi,antiguscio_tau,picchi_totali,picchi_nuovi,raggio_picco_nuovo
0,824,0.5147836466820255,0.00000,9,0.000,12.038,0.00000,0.998737637503049,8.25,0.33843,6,0.000,1,1,1.72,744,0,80
10,889,0.37322674228297287,0.00000,9,0.000,12.038,0.00000,0.5853852038368033,8.25,0.36145,6,1.412,1,0,0.00,791,18,80
20,1071,0.5253974635262407,0.00000,10,0.000,12.038,0.00000,0.44817926852929846,5.25,0.26563,6,1.368,1,0,0.00,932,59,80
30,1213,0.27837634050929727,0.00000,9,0.000,12.038,0.00000,0.3459140282361953,5.25,0.17140,6,1.412,1,0,0.00,1033,100,80
40,1303,0.5293754761473607,0.00000,8,0.000,12.038,0.00000,0.27039821603968756,12.25,0.26385,239,0.807,1,0,0.00,1102,121,80
50,1372,0.35424819610218644,0.00000,8,0.000,12.038,0.00000,0.2523950762660756,12.75,0.23691,62,1.137,1,0,0.00,1153,139,80
60,1417,0.25983854817635904,0.00000,8,0.000,12.038,0.00000,0.21967823633528133,5.25,0.12782,4,1.412,1,0,0.00,1188,149,80
70,1435,0.1882794038102527,0.00000,9,0.000,12.038,0.00000,0.19618002087664743,4.75,0.07218,8,1.413,1,0,0.00,1201,154,80
80,1459,0.4293180620696173,0.00000,9,0.000,12.038,0.00000,0.1929107264347223,12.75,0.17013,71,1.251,1,0,0.00,1218,161,80
90,1476,0.5208223704388912,0.00000,10,0.000,12.038,0.00000,0.1926027147591377,12.75,0.16787,71,1.298,1,0,0.00,1229,167,80
100,1488,0.5041917937218242,0.00000,11,0.000,12.038,0.00000,0.1782896557185462,12.75,0.15038,73,1.334,1,0,0.00,1239,169,80
110,1492,0.3776503266119657,0.00000,11,0.000,12.038,0.00000,0.16943427925945412,12.75,0.14206,73,0.417,1,0,0.00,1242,170,80
120,1495,0.48321983951927533,0.00000,11,0.000,12.038,0.00000,0.1770381795783508,12.25,0.15804,262,0.732,1,0,0.00,1244,171,80
130,1505,0.5728392405305686,0.00000,11,0.000,12.038,0.00000,0.18345534604409403,12.75,0.15179,94,1.093,1,0,0.00,1251,174,80
140,1505,0.3971598690272282,0.00000,10,0.000,12.038,0.00000,0.18310208365870878,12.75,0.12991,95,1.155,1,0,0.00,1251,174,80
150,1507,0.3879813292919424,0.00000,10,0.000,12.038,0.00000,0.16985439301094474,12.75,0.11739,91,1.183,1,0,0.00,1253,174,80
160,1510,0.6873180444413356,0.00000,10,0.000,12.038,0.00000,0.15695605294681367,12.25,0.14114,275,0.684,1,0,0.00,1255,175,80
170,1518,0.32330119287502534,0.00000,10,0.000,12.037,0.00000,0.13654944863569018,5.25,0.14716,6,1.203,1,0,0.00,1261,177,80
180,1531,0.7429314974656716,0.00000,11,0.000,12.037,0.00000,0.1444026091910078,0.75,0.13788,373,1.211,1,0,0.00,1271,180,80
190,1542,0.2727327240833802,0.00000,11,0.000,12.037,0.00000,0.09616131193927437,11.75,0.04554,280,1.075,1,0,0.00,1278,183,81
200,1555,0.520552899920238,0.00000,12,0.000,12.037,0.00000,0.1512655096458179,11.75,0.11818,281,1.137,1,0,0.00,1286,188,81
210,1573,0.3590877622775079,0.00000,12,0.000,12.037,0.00000,0.18702940744618593,12.25,0.16317,316,0.956,1,0,0.00,1297,195,81
220,1586,0.3017073690037795,0.00000,12,0.000,12.037,0.00000,0.22674596913864284,12.25,0.20707,323,0.731,2,0,0.00,1308,197,81
230,1610,0.5110545482144003,0.00000,12,0.000,12.037,0.00001,0.2470227036848537,12.25,0.22855,347,0.763,2,0,0.00,1324,205,81
240,1617,0.5183255123638755,0.00001,12,0.000,12.037,0.00002,0.2882830958932567,6.75,0.04186,10,1.411,2,0,0.00,1329,207,81
250,1627,0.49878871056437923,0.00000,12,0.000,12.037,0.00001,0.30707137433274345,12.75,0.24983,89,1.100,2,0,0.00,1336,210,81
260,1628,0.48726620863598746,0.00000,12,0.000,12.037,0.00001,0.333874955038071,12.75,0.19083,88,1.045,2,0,0.00,1337,210,81
270,1637,0.5678865134693228,0.00000,12,0.000,12.037,0.00001,0.33964530266863846,6.75,0.37512,9,1.414,2,0,0.00,1343,213,81
280,1650,0.41542566836458816,0.00001,12,0.000,12.037,0.00002,0.36711677900025685,12.75,0.11633,90,0.994,1,0,0.00,1352,217,81
290,1664,0.550932096591628,0.00001,11,0.000,12.037,0.00004,0.3751285402978186,12.75,0.09073,87,0.951,1,0,0.00,1360,223,81
300,1681,0.540191017899575,0.00003,11,0.000,12.037,0.00005,0.38482879802122694,12.75,0.07279,86,0.984,1,0,0.00,1371,229,81
310,1685,0.6745603778549726,0.00001,11,0.000,12.036,0.00002,0.38366520834820195,4.75,0.31247,6,1.398,1,0,0.00,1374,230,81
320,1693,0.5510111265388626,0.00001,11,0.000,12.036,0.00002,0.3904922415443042,11.25,0.04343,53,1.400,1,0,0.00,1379,233,81
330,1701,0.733852952906053,0.00004,11,0.000,12.036,0.00007,0.3906475543402656,12.75,0.08261,87,1.229,1,0,0.00,1384,236,81
340,1708,0.27526110973643225,0.00001,11,0.000,12.036,0.00003,0.39180297321760477,6.75,0.04460,9,1.298,1,0,0.00,1389,238,81
350,1720,0.5386145170777311,0.00001,12,0.000,12.036,0.00001,0.3815545086010519,0.75,0.14639,456,1.210,1,0,0.00,1397,242,81
360,1723,0.6714426132587248,0.00002,12,0.000,12.036,0.00005,0.37974213627074815,11.25,0.18595,54,1.341,1,0,0.00,1399,243,81
370,1735,0.6109149618115343,0.00004,13,0.000,12.036,0.00006,0.3512933237228328,11.25,0.21703,54,1.241,2,0,0.00,1407,247,81
380,1738,0.494594540811558,0.00001,12,0.000,12.036,0.00002,0.3411484876317063,11.25,0.24812,57,1.205,2,0,0.00,1408,249,81
390,1743,0.6191086316862425,0.00003,12,0.000,12.036,0.00006,0.3191305630373531,11.25,0.27801,56,0.973,1,0,0.00,1411,251,81
400,1746,0.36225828470467564,0.00004,12,0.000,12.036,0.00014,0.2790721554154805,6.75,0.18978,9,1.413,1,0,0.00,1414,251,81
410,1750,0.4610430832842972,0.00002,12,0.000,12.036,0.00005,0.2421360025634907,11.25,0.22735,69,1.250,1,0,0.00,1416,253,81
420,1753,0.5099563936437749,0.00002,11,0.000,12.036,0.00005,0.2223050078527155,11.75,0.20837,310,1.143,1,0,0.00,1418,254,81
430,1761,0.6029479426670766,0.00005,11,0.000,12.036,0.00009,0.15104375629421704,6.25,0.22084,9,1.405,1,0,0.00,1423,257,81
440,1767,0.6553071165433436,0.00015,11,0.000,12.036,0.00022,0.1354891629874628,0.75,0.11959,525,1.270,1,0,0.00,1428,258,81
450,1774,0.47694176101605334,0.00011,11,0.000,12.035,0.00016,0.131082066691311,12.25,0.11235,397,1.151,1,0,0.00,1433,260,81
460,1781,0.5011742785548835,0.00013,11,0.000,12.035,0.00023,0.14537030724304256,3.75,0.09897,4,1.377,1,0,0.00,1438,262,81
470,1800,0.6521719875886782,0.00010,10,0.000,12.035,0.00023,0.12464347938411731,4.25,0.29047,6,1.304,1,0,0.00,1449,270,81
480,1810,0.4128684747044265,0.00005,10,0.000,12.035,0.00014,0.12274967647146777,11.75,0.10388,329,1.047,1,0,0.00,1454,275,81
490,1814,0.3431392992450194,0.00003,10,0.000,12.035,0.00012,0.12223012249632173,11.75,0.10016,334,1.136,1,0,0.00,1458,275,81
500,1821,0.37823526090474496,0.00005,11,0.000,12.035,0.00020,0.11972670334098462,11.25,0.08326,71,1.300,1,0,0.00,1463,277,81
510,1831,0.532727944275601,0.00016,11,0.000,12.035,0.00037,0.1459385541489637,11.25,0.10623,71,1.169,1,0,0.00,1469,281,81
520,1839,0.5668551459571312,0.00012,10,0.000,12.035,0.00024,0.16733067742766417,11.25,0.14518,73,1.144,2,0,0.00,1473,285,81
530,1844,0.4943800922711512,0.00008,10,0.000,12.035,0.00018,0.1901000255165026,0.75,0.18234,583,1.048,2,0,0.00,1476,287,81
540,1850,0.41393290823345413,0.00013,11,0.000,12.035,0.00029,0.20143094885054114,4.25,0.21550,6,1.414,2,0,0.00,1478,291,81
550,1853,0.45051425547796603,0.00008,12,0.000,12.035,0.00026,0.18194020247634093,12.75,0.16244,129,0.871,2,0,0.00,1480,292,81
560,1856,0.3826255268163787,0.00020,12,0.000,12.035,0.00048,0.1708183457628013,12.75,0.14850,131,0.663,2,0,0.00,1482,293,81
570,1863,0.5456410865899016,0.00013,12,0.000,12.035,0.00040,0.17087267074625692,12.75,0.14596,132,0.683,2,0,0.00,1486,296,81
580,1866,0.67195645065747,0.00009,13,0.000,12.034,0.00026,0.16868526996132294,12.75,0.14858,133,0.464,2,0,0.00,1489,296,81
590,1875,0.5195795910084815,0.00023,13,0.000,12.034,0.00053,0.17022284142657704,12.75,0.14490,110,1.037,2,0,0.00,1495,299,81
600,1878,0.5492801926871331,0.00013,13,0.000,12.034,0.00025,0.18363375605975293,12.75,0.16891,133,0.391,1,0,0.00,1498,299,81
610,1885,0.3792063315595818,0.00013,13,0.000,12.034,0.00032,0.18506546624017284,12.75,0.09949,109,1.198,1,0,0.00,1502,302,81
620,1889,0.44650743974073703,0.00039,12,0.000,12.034,0.00086,0.19016417081264897,12.75,0.09942,112,1.275,1,0,0.00,1505,303,81
630,1894,0.3885120997172165,0.00015,12,0.000,12.034,0.00044,0.20879285212222207,12.75,0.10759,113,1.276,1,0,0.00,1510,303,81
640,1902,0.5985452727456029,0.00063,12,0.000,12.034,0.00106,0.20769542512087277,12.75,0.10144,115,1.176,1,0,0.00,1515,306,81
650,1911,0.5337961970460613,0.00017,12,0.000,12.034,0.00038,0.20820445920232677,12.75,0.10460,115,1.236,1,0,0.00,1520,310,81
660,1915,0.506478575626855,0.00011,13,0.000,12.034,0.00043,0.20824689564786816,12.75,0.09622,116,1.199,1,0,0.00,1523,311,81
670,1922,0.49528488515207725,0.00013,13,0.000,12.034,0.00043,0.2171415485956694,0.75,0.08854,567,0.910,1,0,0.00,1528,313,81
680,1932,0.5490335559726809,0.00034,13,0.000,12.034,0.00109,0.22138222025844262,12.75,0.05223,117,1.046,1,0,0.00,1534,317,81
690,1940,0.3768275735488595,0.00020,13,0.000,12.034,0.00068,0.2170468554144318,12.75,0.02128,116,1.288,1,0,0.00,1539,320,81
700,1946,0.5408430782104546,0.00018,14,0.000,12.034,0.00045,0.21553586770793853,12.75,0.07763,115,1.104,1,0,0.00,1544,321,81
710,1952,0.4745488381490879,0.00041,14,0.000,12.034,0.00074,0.21567278567845835,12.75,0.11376,112,0.829,2,0,0.00,1548,323,81
720,1956,0.5540039828566451,0.00021,14,0.000,12.033,0.00067,0.2283264324438437,7.75,0.03061,8,1.413,2,0,0.00,1550,325,81
730,1961,0.5232486331998408,0.00046,14,0.000,12.033,0.00143,0.24699452352390097,12.75,0.14829,112,0.931,2,0,0.00,1553,327,81
740,1965,0.465227464385877,0.00024,15,0.000,12.033,0.00080,0.2670657570503853,12.25,0.16038,385,1.034,2,0,0.00,1556,328,81
750,1971,0.3517837373566526,0.00037,15,0.000,12.033,0.00141,0.2592434652388985,6.25,0.05060,6,1.414,2,0,0.00,1560,330,81
760,1980,0.5054866041143816,0.00065,15,0.000,12.033,0.00165,0.23859074834777444,12.25,0.17571,379,0.954,2,0,0.00,1566,333,81
770,1986,0.5157784632540938,0.00061,15,0.000,12.033,0.00231,0.2421879253370519,7.75,0.09070,10,1.406,2,0,0.00,1570,335,81
780,1992,0.41116298345003305,0.00073,15,0.000,12.033,0.00234,0.23353539835551998,12.75,0.19815,122,0.696,2,0,0.00,1574,337,81
790,1998,0.4223624014637554,0.00023,15,0.000,12.033,0.00064,0.23685678493961634,12.75,0.19824,122,0.956,2,0,0.00,1578,339,81
800,2004,0.4195604502337899,0.00039,16,0.000,12.033,0.00162,0.23352984444574695,12.75,0.18715,121,0.933,2,0,0.00,1583,340,81
810,2013,0.46049248982502966,0.00051,16,0.000,12.033,0.00155,0.24593403633873245,7.75,0.12798,8,1.414,2,0,0.00,1589,343,81
820,2016,0.29070157264794905,0.00080,16,0.000,12.033,0.00271,0.22841368150787786,12.75,0.17487,125,0.889,2,0,0.00,1592,343,81
830,2028,0.5544840478743092,0.00084,16,0.000,12.033,0.00216,0.23699188036220264,12.25,0.15457,366,0.985,2,0,0.00,1600,347,81
840,2036,0.576768845179725,0.00188,18,0.000,12.033,0.00385,0.24191681153716807,12.25,0.14375,361,1.072,1,0,0.00,1605,350,81
850,2039,0.43756296995124144,0.00087,18,0.000,12.033,0.00171,0.24011469482961229,12.75,0.15268,127,1.056,2,0,0.00,1608,350,81
860,2044,0.4385728875208502,0.00078,17,0.000,12.033,0.00308,0.2585826520325039,12.75,0.15129,127,1.016,2,0,0.00,1612,351,81
870,2050,0.3828993178197316,0.00076,17,0.000,12.033,0.00313,0.23382793029131704,12.75,0.16523,128,0.991,2,0,0.00,1617,352,81
880,2052,0.41355471052013537,0.00037,17,0.000,12.032,0.00146,0.24156394396989245,12.75,0.16975,130,0.927,2,0,0.00,1619,352,81
890,2057,0.6029576638151642,0.00075,17,0.000,12.032,0.00160,0.25032320095512217,12.75,0.19196,131,0.850,2,0,0.00,1623,353,81
900,2063,0.46364432554086116,0.00039,17,0.000,12.032,0.00109,0.24907601075584343,0.75,0.20325,722,0.852,2,0,0.00,1625,357,81
910,2066,0.47204104122408214,0.00059,17,0.000,12.032,0.00139,0.2682263965357928,12.75,0.17267,137,0.697,2,0,0.00,1626,359,81
920,2078,0.3969655024452568,0.00041,17,0.000,12.032,0.00138,0.27628285117458423,12.75,0.15490,139,0.683,2,0,0.00,1633,364,81
930,2086,0.3739890620857492,0.00034,17,0.000,12.032,0.00085,0.2886958899598543,12.75,0.17607,141,0.657,2,0,0.00,1640,365,81
940,2092,0.4456606063116474,0.00036,17,0.000,12.032,0.00107,0.3011577191653427,12.75,0.17126,142,1.024,2,0,0.00,1644,367,81
950,2102,0.3456408946655649,0.00073,17,0.000,12.032,0.00242,0.2941530313095045,8.25,0.15199,6,1.414,2,0,0.00,1650,371,81
960,2108,0.4511447075405467,0.00083,17,0.000,12.032,0.00289,0.28296948410562317,12.25,0.16825,344,1.047,2,0,0.00,1653,374,81
970,2110,0.521268565588426,0.00120,17,0.000,12.032,0.00284,0.31090638977476426,12.25,0.18755,350,1.015,2,0,0.00,1655,374,81
980,2118,0.5397097129917905,0.00165,17,0.000,12.032,0.00468,0.3032364553633275,12.75,0.17473,142,0.584,2,0,0.00,1659,378,81
990,2125,0.3225416567832211,0.00096,17,0.000,12.032,0.00242,0.3085614828922835,12.25,0.16503,347,0.835,2,0,0.00,1664,380,81
1000,2134,0.3504775935670908,0.00159,17,0.000,12.032,0.00483,0.30315096725188634,11.25,0.14370,110,0.807,2,0,0.00,1668,385,81
1010,2140,0.5331156293589533,0.00080,17,0.000,12.032,0.00266,0.31886244511362394,11.25,0.13293,112,1.018,2,0,0.00,1672,387,81
1020,2148,0.3222878198484632,0.00137,17,0.000,12.032,0.00478,0.31997049727707927,11.25,0.09627,121,1.038,2,0,0.00,1678,389,81
1030,2150,0.4892717405347439,0.00118,18,0.000,12.032,0.00331,0.31934337717187133,11.25,0.09115,123,1.108,2,0,0.00,1679,390,81
1040,2158,0.4717954911236901,0.00302,19,0.000,12.032,0.01141,0.31551135222878424,11.25,0.10997,128,1.025,2,0,0.00,1685,392,81
1050,2165,0.43363588105408435,0.00209,19,0.000,12.031,0.00815,0.3016281965549844,9.25,0.02640,6,1.405,2,0,0.00,1690,394,81
1060,2173,0.37717687853049015,0.00174,19,0.000,12.031,0.00687,0.30590669295977385,11.25,0.12988,128,0.980,2,0,0.00,1695,397,81
1070,2179,0.4878570625460191,0.00268,19,0.000,12.031,0.00984,0.2923039054753057,0.75,0.13917,786,1.035,2,0,0.00,1698,400,81
1080,2186,0.39421141430513207,0.00312,19,0.000,12.031,0.00757,0.28103507954261625,12.75,0.12743,165,1.053,2,0,0.00,1705,400,81
1090,2194,0.3998030096055804,0.00123,20,0.000,12.031,0.00442,0.3062475755436283,11.25,0.14255,128,1.038,2,0,0.00,1710,403,81
1100,2202,0.29306134572392484,0.00148,21,0.000,12.031,0.00559,0.2951771753509475,11.25,0.13706,128,1.001,2,0,0.00,1714,407,81
1110,2205,0.5261755088189747,0.00290,21,0.000,12.031,0.01280,0.298138143488436,11.25,0.14282,130,0.977,2,0,0.00,1715,409,81
1120,2213,0.4531230773272141,0.00140,21,0.000,12.031,0.00478,0.2887935386474205,11.25,0.15864,134,0.926,2,0,0.00,1721,411,81
1130,2228,0.4044454482090179,0.00115,21,0.000,12.031,0.00361,0.2861353461518886,11.25,0.12460,136,0.960,2,0,0.00,1727,420,81
1140,2235,0.3362339599292123,0.00185,21,0.000,12.031,0.00782,0.2739138315496974,11.25,0.13711,140,0.973,2,0,0.00,1732,422,81
1150,2241,0.47583784458989165,0.00099,22,0.000,12.031,0.00389,0.26552874836069734,10.75,0.14106,7,1.201,2,0,0.00,1736,424,81
1160,2246,0.5362468818385007,0.00499,22,0.000,12.031,0.01299,0.2673730364924271,10.75,0.16143,7,0.980,1,0,0.00,1740,425,81
1170,2260,0.48316322508363774,0.00680,22,0.000,12.031,0.02190,0.26838167539730107,10.75,0.14978,7,1.243,1,0,0.00,1747,432,81
1180,2267,0.47764411372256116,0.00634,22,0.000,12.031,0.01859,0.24306720930065798,10.75,0.16032,11,1.280,1,0,0.00,1753,433,81
1190,2276,0.5527118794862115,0.00509,20,0.000,12.031,0.01662,0.2590635458314681,0.75,0.18549,686,1.005,1,0,0.00,1759,436,81
1200,2284,0.4467759789500939,0.00280,19,0.000,12.031,0.00772,0.24268799054035686,0.75,0.18599,658,0.987,1,0,0.00,1763,440,81
1210,2287,0.30887797544628687,0.00228,18,0.000,12.031,0.00649,0.25514199655984554,2.25,0.17135,7,1.321,1,0,0.00,1765,441,81
1220,2288,0.4393078998295518,0.00253,18,0.000,12.031,0.00925,0.24353707936535088,10.75,0.18926,18,1.168,1,0,0.00,1766,441,81
1230,2297,0.33473066509748145,0.00296,18,0.000,12.031,0.00947,0.23656157584089096,7.75,0.10946,6,1.414,1,0,0.00,1772,444,81
1240,2309,0.29382851281653094,0.00109,18,0.000,12.031,0.00459,0.23454921449502705,10.25,0.20639,5,0.976,1,0,0.00,1781,447,81
1250,2311,0.40663669163856686,0.00322,17,0.000,12.031,0.01161,0.26270262575323294,10.25,0.16465,4,1.166,1,0,0.00,1783,447,81
1260,2320,0.5172888087478222,0.00307,19,0.000,12.031,0.01863,0.23311181233225653,10.25,0.19981,4,0.774,1,0,0.00,1787,452,81
1270,2331,0.3321147586823231,0.00276,18,0.000,12.031,0.01314,0.24765016235090884,3.75,0.15029,4,1.414,1,0,0.00,1796,454,81
1280,2333,0.37052273057395657,0.00296,17,0.000,12.031,0.00989,0.2645081518272825,10.25,0.21461,5,1.150,1,0,0.00,1798,454,81
1290,2335,0.38910134197401786,0.00360,18,0.000,12.030,0.01205,0.2554823466820302,10.75,0.19909,46,1.160,1,0,0.00,1800,454,81
1300,2346,0.39709570949241774,0.00558,19,0.000,12.030,0.01952,0.26064928909920604,13.75,0.20065,9,1.165,1,0,0.00,1808,457,81
1310,2348,0.3959068598620246,0.00474,20,0.000,12.030,0.01593,0.26980591629447637,10.25,0.16381,5,1.185,1,0,0.00,1810,457,81
1320,2356,0.39059223513583574,0.00577,20,0.000,12.030,0.02438,0.28191358957069107,10.25,0.17322,6,1.039,1,0,0.00,1816,459,81
1330,2373,0.26940663081917293,0.00383,22,0.000,12.030,0.01384,0.2911430605747377,10.25,0.18297,5,1.205,1,0,0.00,1825,467,81
1340,2378,0.39315049856602724,0.00631,22,0.000,12.031,0.03522,0.29264858120313986,10.25,0.18884,8,1.156,1,0,0.00,1829,468,81
1350,2388,0.33279729163317473,0.00611,22,0.000,12.031,0.02476,0.3001780895066186,7.75,0.13744,6,1.410,1,0,0.00,1837,470,81
1360,2400,0.39764640785746685,0.00778,22,0.000,12.031,0.03391,0.29257861211019937,10.25,0.16033,10,1.080,1,0,0.00,1844,475,81
1370,2413,0.3632780431770565,0.01876,23,0.000,12.031,0.10075,0.3080331698174763,10.25,0.14792,16,0.799,1,0,0.00,1852,480,81
1380,2422,0.5065580503058341,0.01767,23,0.000,12.031,0.06406,0.3051025031095515,10.25,0.15236,20,0.805,1,0,0.00,1859,482,81
1390,2432,0.3904432195246677,0.01039,22,0.000,12.031,0.03554,0.2986239656589787,10.25,0.13742,21,0.827,1,0,0.00,1865,486,81
1400,2442,0.26472467824900403,0.00728,21,0.000,12.031,0.02901,0.2781131443727492,4.25,0.09297,4,1.414,1,0,0.00,1871,490,81
1410,2452,0.31086064102627237,0.00708,22,0.000,12.031,0.02153,0.2705084643797477,10.25,0.14717,35,0.714,1,0,0.00,1879,492,81
1420,2464,0.3970533997601145,0.00866,22,0.000,12.031,0.05620,0.25682523720905476,10.25,0.15249,36,0.880,1,0,0.00,1887,496,81
1430,2474,0.3870608881060216,0.00852,22,0.000,12.031,0.03103,0.28989879251902256,7.75,0.23110,6,1.413,1,1,7.58,1894,499,81
1440,2480,0.3043610286662335,0.00747,22,0.000,12.031,0.02411,0.269162103885229,10.25,0.15549,8,1.232,1,1,7.60,1897,502,81
1450,2487,0.2669118193297919,0.00957,22,0.000,12.031,0.03773,0.28110239552254923,4.75,0.16076,6,1.414,1,1,7.62,1902,504,81
1460,2495,0.40064441359329417,0.01303,23,0.000,12.031,0.04608,0.26743192076257755,10.25,0.20967,46,0.911,1,1,7.63,1906,508,81
1470,2500,0.42039047017047204,0.02241,22,0.000,12.031,0.07076,0.2566552610262564,1.75,0.16347,327,0.812,1,1,7.65,1909,510,81
1480,2507,0.35815940938028246,0.00954,23,0.000,12.031,0.03136,0.26989808864456394,10.25,0.17207,49,0.818,1,1,7.66,1914,512,81
1490,2518,0.4881201376612618,0.02374,23,0.000,12.031,0.07863,0.25443230581995135,14.25,0.14418,7,0.642,1,1,7.67,1921,516,81
1500,2522,0.3226415637826378,0.00776,23,0.000,12.031,0.03083,0.2693451577499493,8.25,0.08035,4,1.397,1,1,7.67,1923,518,81
1510,2530,0.4462689414962204,0.01675,23,0.000,12.030,0.05829,0.262413003983506,10.25,0.15650,60,0.873,1,1,7.69,1928,521,81
1520,2543,0.34198924684881205,0.01356,23,0.000,12.030,0.04666,0.24720191443941691,7.47,0.22499,97,0.852,1,1,7.70,1936,526,81
1530,2554,0.41611957556302337,0.02624,23,0.000,12.030,0.08294,0.2633294387941019,7.97,0.23921,29,0.636,1,1,7.70,1944,529,81
1540,2560,0.46715443037802556,0.01094,24,0.000,12.030,0.03043,0.2744169032323924,7.97,0.23669,29,0.644,1,1,7.85,1948,531,81
1550,2565,0.47141428530587565,0.02083,23,0.000,12.030,0.06574,0.2615584572205158,7.97,0.17950,27,0.670,1,1,7.11,1952,532,81
1560,2574,0.4663601793650675,0.02121,23,0.000,12.030,0.06222,0.2640199317336984,7.97,0.19849,26,0.704,1,1,7.21,1958,535,81
1570,2576,0.40906812207209614,0.01141,23,0.000,12.030,0.02968,0.2663648046307894,8.47,0.15256,9,0.352,1,1,7.29,1960,535,81
1580,2584,0.37655133925513734,0.01680,23,0.000,12.030,0.08076,0.26162383361696695,8.46,0.17935,7,0.332,1,1,7.35,1966,537,81
1590,2596,0.48376335387366176,0.04251,23,0.000,12.030,0.09769,0.2733841480268648,8.46,0.22040,8,0.357,1,1,7.36,1973,542,81
1600,2603,0.46177177490258897,0.03198,24,0.000,12.030,0.08912,0.2659308596811398,8.46,0.24300,10,0.539,1,1,7.35,1977,545,81
1610,2616,0.3977554053627132,0.02404,24,0.000,12.030,0.10615,0.22823333887918099,8.46,0.22407,12,0.699,1,1,7.33,1984,551,81
1620,2625,0.33708803054933756,0.01872,24,0.000,12.029,0.05474,0.2298706390505359,8.46,0.23180,12,0.490,1,1,7.29,1991,553,81
1630,2632,0.4030579353944981,0.02338,24,0.000,12.029,0.07133,0.21007807925089989,7.46,0.18901,122,0.949,1,1,7.25,1996,555,81
1640,2636,0.46973340372908196,0.01774,25,0.000,12.029,0.06684,0.1967787451670193,7.46,0.22457,127,0.932,1,1,7.22,1999,556,81
1650,2649,0.4465362620411415,0.01918,25,0.000,12.029,0.09328,0.20121338439066513,7.46,0.19855,129,0.950,1,0,0.00,2007,561,81
1660,2671,0.4420330837013668,0.03125,24,0.000,12.029,0.08641,0.1811166439858116,7.46,0.16803,134,0.844,1,0,0.00,2021,569,81
1670,2687,0.3753406436134032,0.03096,25,0.000,12.029,0.09687,0.1617002177257592,7.46,0.15015,137,0.985,1,1,8.05,2031,575,81
1680,2697,0.43427354542376034,0.02761,24,0.000,12.029,0.12627,0.16861464185825345,7.46,0.16017,132,0.993,1,1,8.01,2037,579,81
1690,2710,0.39069265831564587,0.03224,24,0.000,12.029,0.10636,0.12495691877297344,7.46,0.13860,134,0.858,1,1,7.98,2043,586,81
1700,2725,0.3424060486399822,0.01581,23,0.000,12.029,0.07327,0.1343881897118549,7.46,0.12788,129,0.949,1,1,7.96,2054,590,81
1710,2736,0.3202979744414062,0.02691,23,0.000,12.029,0.10931,0.10522044737879348,7.46,0.10778,120,0.937,1,0,0.00,2061,594,81
1720,2747,0.29248866813837887,0.01808,23,0.000,12.029,0.06198,0.10070890141802831,7.46,0.12846,115,0.793,1,0,0.00,2066,600,81
1730,2764,0.3970638467541302,0.02609,23,0.000,12.029,0.08670,0.122323634579993,7.46,0.16187,114,0.827,1,0,0.00,2078,605,81
1740,2774,0.39047044707747636,0.02272,23,0.000,12.028,0.07368,0.14275950702529946,7.46,0.13473,109,0.909,1,0,0.00,2086,607,81
1750,2790,0.44055598562012543,0.03121,21,0.000,12.028,0.15235,0.16438503850220873,7.46,0.13842,109,0.902,1,0,0.00,2095,614,81
1760,2803,0.44830881370410725,0.03973,21,0.000,12.028,0.16192,0.18336902708639574,7.46,0.16750,104,0.947,1,0,0.00,2103,619,81
1770,2813,0.45059514096211384,0.07505,22,0.000,12.028,0.19946,0.20018083443570242,7.46,0.15962,103,0.975,1,1,7.55,2109,623,81
1780,2829,0.3321261207490036,0.01720,23,0.000,12.028,0.04823,0.21936389804079753,7.46,0.17837,102,0.922,1,1,7.72,2118,630,81
1790,2844,0.4247016412221894,0.02682,24,0.000,12.028,0.10104,0.2169921354056141,7.46,0.20483,94,0.941,2,0,0.00,2128,635,81
1800,2854,0.33198775474824677,0.02220,25,0.000,12.028,0.09719,0.2210968345663908,8.46,0.22427,41,1.004,2,0,0.00,2136,637,81
1810,2861,0.27695379869760856,0.01965,25,0.000,12.028,0.06263,0.21218283592323864,7.46,0.23114,96,0.975,2,0,0.00,2140,640,81
1820,2869,0.3771913921677439,0.04258,25,0.000,12.028,0.19860,0.22029498108957968,7.96,0.23329,58,0.959,2,0,0.00,2147,641,81
1830,2875,0.2983416810636579,0.02015,25,0.000,12.028,0.10662,0.23636077517186307,8.46,0.21267,33,0.783,2,0,0.00,2150,644,81
1840,2892,0.4110454885691466,0.04152,26,0.000,12.028,0.13637,0.2166415817594548,7.96,0.21863,63,0.894,2,0,0.00,2163,648,81
1850,2904,0.3575214644724499,0.06156,26,0.000,12.028,0.25974,0.24063870740644488,8.46,0.22779,29,0.849,2,1,7.51,2169,654,81
1860,2928,0.4256070085702711,0.04434,28,0.000,12.028,0.14084,0.24153358171915312,7.46,0.20277,122,1.009,1,1,7.59,2183,664,81
1870,2938,0.36973717958807534,0.05066,28,0.000,12.028,0.19463,0.2122999420562123,7.46,0.16672,130,1.072,1,1,7.65,2191,666,81
1880,2957,0.37572632672899,0.02836,29,0.000,12.028,0.08596,0.21685987909105683,7.46,0.18240,140,0.983,1,1,7.67,2202,674,81
1890,2965,0.33820816537595044,0.02552,29,0.000,12.028,0.12157,0.23067039748442858,7.96,0.20197,66,1.054,1,1,7.65,2206,678,81
1900,2978,0.3852505035740674,0.02812,29,0.000,12.028,0.08382,0.21999676446447616,9.46,0.15795,5,1.001,1,1,7.62,2213,684,81
1910,2992,0.32455078797480374,0.04140,30,0.033,12.028,0.12041,0.22116351305173346,9.46,0.17711,6,0.988,1,1,7.55,2221,690,81
1920,2999,0.3850213705480348,0.05578,31,0.000,12.028,0.17239,0.24266346093930166,7.46,0.19369,202,0.927,1,1,7.47,2226,692,81
1930,3007,0.30839151329053394,0.03658,31,0.000,12.028,0.14727,0.2149350816617906,7.96,0.16080,58,0.891,1,0,0.00,2233,693,81
1940,3018,0.4452311863874848,0.06265,30,0.000,12.028,0.18797,0.17531887353989867,7.46,0.20490,216,0.862,1,0,0.00,2239,698,81
1950,3025,0.3571101617454189,0.03526,28,0.000,12.028,0.11854,0.21542921054860942,7.46,0.18958,226,0.978,1,0,0.00,2245,699,81
1960,3035,0.471994234526093,0.04580,27,0.000,12.028,0.12691,0.20414325296664068,7.46,0.16548,227,1.009,1,0,0.00,2251,703,81
1970,3044,0.34779761731399567,0.02969,27,0.000,12.028,0.15899,0.20014945469250314,7.46,0.15716,227,0.848,2,0,0.00,2259,704,81
1980,3061,0.39701764543088164,0.04841,29,0.000,12.028,0.19875,0.2145282187158661,7.46,0.15291,229,0.912,2,0,0.00,2270,710,81
1990,3070,0.3665071899658562,0.03133,29,0.000,12.028,0.17304,0.21314150144357316,7.46,0.14209,228,0.872,2,0,0.00,2277,712,81
2000,3085,0.35630604337489846,0.06903,29,0.000,12.028,0.32837,0.2003756480144503,7.46,0.15666,224,0.838,2,0,0.00,2289,715,81
