# RUN_PARAMS {"alfanat":0.0,"batch":true,"bussola":1,"calore_scal":false,"calore_vett":false,"chi_basc":false,"chi_core":false,"chi_da_spinore":false,"coppia":1.0,"costanti_effettive":{"CS_M":2.0,"GAMMA":0.05,"K_C":2.0,"LAM":0.8,"PHI_CRIT":6.283185307179586,"SCALA_B":1.0},"cs_dinamico":false,"csv":"csv\\deparam_segno\\cond_on_s2.csv","da_libera":false,"db_cleanup":false,"db_ogni":200,"denoise":false,"deparam_orologio":true,"diaglog":"csv\\deparam_segno\\on_s2.csv","diffres":0.0,"dpi":100,"dt":null,"elast_c":null,"fps":20,"frames":0,"gamma":0.05,"giri":1.0,"guscio_morbido":false,"ham":0.0,"kfrange":0.0,"lam":0.8,"leggi_attive":{"CHI_BASC":false,"CHI_CORE":false,"CS_DINAMICO":false,"LS_AZIM":false,"OLON_PART":false,"PAV_COM":false,"PLAST_DIN":false,"POLO_MATURO":false,"REGIME":"deterministico","SPINORE":true,"SPINORE_VIVO":true,"SPIN_FEEDBACK":false,"SPIN_LARMOR":false,"SYNC_UPDATE":true,"TAU_USA_D0":false,"VERLET":false,"VERSO_CHI":false,"VIRIALE":false,"ZETA_LOC":false,"ZETA_VIR":false},"ls_azim":false,"maxnodi":4000000,"mitmax":0,"mupsi":-0.05,"nmasse":2,"nmasse_effettive":2,"nodi":900,"ogni":100,"ogni_effettivo":100,"olon_part":false,"out":null,"passi":2000,"passi_effettivi":2000,"passi_per_frame":null,"pav_com":false,"plam":1.0,"plast_din":false,"plastmit":0.0,"polo_maturo":false,"regime":null,"scala":1.0,"scuotimento":false,"seed":2,"seed_effettivo":2,"sep":6.0,"sep_effettivo":6.0,"size":null,"solo_materia":false,"spin_feedback":false,"spin_larmor":false,"spin_positivi":false,"spinore_corretto":true,"spinore_vivo":true,"sync":true,"sync_db":"db\\deparam_segno\\db_on_s2.pkl","sync_spinore":false,"tau_d0":false,"tauloc":1.0,"tempo_proprio_orientato":false,"test":null,"tw_spinore":false,"verlet":false,"verso_chi":false,"viriale":false,"vista_rete":false,"zeta":0.75,"zeta_loc":false,"zeta_vir":false}
step,n,n_archi,I2_min,I2_max,I2_mean,I2_absmax,r_min,r_max,r_mean,tw_min,tw_max,tw_mean,tw_absmax,phi_min,phi_max,phi_mean,phivel_min,phivel_max,phivel_mean,phivel_absmax,d_min,d_max,d_mean,d0_min,d0_max,d0_mean,eta_min,eta_max,eta_mean,tau_min,tau_max,tau_mean,dmin_nodi,xi_termo,n_naninf,n_I2_grandi,n_lontani,m0_I2pesata,m0_raggio,m0_N,m0_coer,m0_spin,m0_spin_disp,m0_spin_core,m0_spin_core_disp,m0_spin_axis_R,m0_omega_axis_R,m0_spin_core_cv,m0_Mdyn,m0_Mcoh,m0_Rinerzia,m0_Jrot,m0_Jshell_frac,m0_Ncore,m0_Nshell,m0_vort_pos,m0_vort_neg,m0_carica,m0_coer_nucleo,m0_N_nucleo,m0_raggio_nucleo,m0_Lz,m0_Lz_norm,m0_picco_picco,m0_picco_n_dominio,m0_picco_chi,m0_picco_spin,m0_picco_spin_x,m0_picco_spin_y,m0_picco_spin_z,m0_picco_spinor_alpha_re,m0_picco_spinor_alpha_im,m0_picco_spinor_beta_re,m0_picco_spinor_beta_im,m0_picco_coerenza,m0_picco_verso_x,m0_picco_verso_y,m0_picco_verso_z,m1_picco_picco,m1_picco_n_dominio,m1_picco_chi,m1_picco_spin,m1_picco_spin_x,m1_picco_spin_y,m1_picco_spin_z,m1_picco_spinor_alpha_re,m1_picco_spinor_alpha_im,m1_picco_spinor_beta_re,m1_picco_spinor_beta_im,m1_picco_coerenza,m1_picco_verso_x,m1_picco_verso_y,m1_picco_verso_z,n_cicli_topologici,circolazione_topologica_max,circolazione_topologica_media_assoluta,circolazione_topologica_rms,corrente_arco_max,gradiente_rho_arco_media_assoluta,circolazione_topologica_media,olonomia_fase_max,olonomia_fase_media_assoluta,olonomia_fase_rms,berry_spin_max,berry_spin_media_assoluta,berry_spin_rms,berry_spin_media,spin_feedback_arco,spin_cluster_modulo,spin_cluster_omega,spin_neel_modulo,spin_neel_omega,spin_axis_R,ncrit_adattivo,rho_critica,lambda_eff_min,lambda_eff_med,lambda_eff_max,lambda_eff_ratio_med,rho_su_rhoc_max,m1_N,m1_coer,m1_coer_nucleo,m1_spin,m1_Lz,n_masse,coer_01,cosphi_01,Lz_orb_01,dist_01,scala_com,rcom_01,tw_q,tw_disp,sync_rel,d0_disp,rchi_pos,rchi_neg,rchi_ratio,frac_chi_neg,dens_g0,dens_g1,dens_g2,dens_g3,dens_g4,guscio_idx,centro_N,centro_coer,centro_cosphi,guscio_N,guscio_coer,guscio_cosphi,guscio_circ,m0_picco_spin_plus,m0_picco_spin_minus,m0_picco_contrasto,m0_picco_q_x,m0_picco_q_y,m0_picco_q_z,m0_picco_q_modulo,m0_picco_n_plus,m0_picco_n_minus,m1_picco_spin_plus,m1_picco_spin_minus,m1_picco_contrasto,m1_picco_q_x,m1_picco_q_y,m1_picco_q_z,m1_picco_q_modulo,m1_picco_n_plus,m1_picco_n_minus
0,824,138646,0.0,3.724569240461371e-12,4.580339330802491e-14,3.724569240461371e-12,1.1567762348193793,6.782621082803078,5.733952882837916,-9.309180273631114,9.296501523180375,-0.0003804296801226165,9.309180273631114,3.3860492810529165e-05,12.566367523263565,6.002638837989786,-1.1025526988822223,1.0399507825389245,-0.01089210732664996,1.1025526988822223,0.20659152205114353,2.399797304513662,1.3519776889341197,0.20659152204590692,2.3997581990697854,1.35176634742561,0.0,0.060284314806878014,0.004517994696810427,1.0,1.0,1.0,0.01466338322638869,-0.11974944251287577,0,0,0,0.0,0.593650528459895,372,0.9988,-0.01584,0.46081496787955406,0.0,0.0,0.0,0.06565099940386664,0.0,2.289196125155796e-13,-1.2128128023680497e-13,0.00022891961251557958,2.1683010973409146e-12,0.0013541222390005719,373,3,0,0,0,0.9987,372,0.593650528459895,0.0,0.0,80.0,372.0,-0.0483017,1.0,0.0,0.0,1.0,1.0,0.0,0.0,0.0,0.0,0.0,0.0,1.0,452.0,372.0,-0.0270431,1.0,0.0,0.0,1.0,1.0,0.0,0.0,0.0,0.0,0.0,0.0,1.0,256,4.863921278362935e-18,1.7991743483868063e-18,2.8661380953509254e-18,4.6369145391090145e-18,1.7660632672439266e-15,1.0273472194632821e-19,30.39528945791941,9.776392156954895,12.078443826823221,3.1405261062161443,1.3105417457838693,1.6345853449162302,0.21184117076859216,0.0,0.8998377537004786,0.0,0.02711994867987258,0.0,0.0,621.4857873344093,289.7828177215713,0.6091702876917264,0.609170287691728,0.609170287691728,0.76146285961466,1.2852967852773129e-14,372,0.9987,0.9988,-0.00886,0.0,2,0.9975,1.0,0.0,0.0,0.0,0.0,0.0019,1.0,1.27858,0.27248,0.9777,0.9793,1.0017,0.5182,1.9639,2.3805,1.0355,0.3316,14.1641,7.2122,0,0.0,0.0,0,0.0,0.0,0.0,0.0,0.0,0.0,0.0,0.0,0.0,0.0,177.0,195.0,0.0,0.0,0.0,0.0,0.0,0.0,0.0,181.0,191.0
1,824,138646,1.5194501326869974e-15,5.178565205764219e-11,2.5923676645665926e-11,5.178565205764219e-11,1.1509620416818886,6.782301686871189,5.733936787306804,-9.321704782591276,9.19884532050226,-0.14257392255035636,9.321704782591276,4.08146105513197e-06,12.566365337228717,6.755698498312043,-1.1040785844012577,1.0415656301668,-0.010923863877754434,1.1040785844012577,0.2065919582983528,2.399797320510581,1.351977689703284,0.2089928204539724,2.399750913992908,1.351412406873379,0.01,0.07028431480687801,0.014517994696810426,0.0010837595592584348,1.4141810807486084,0.9168233631919936,0.014697179674634473,-0.13839569946400743,0,0,0,9.765713551220419e-09,0.5934439614438698,372,0.9486,-0.01499,0.46192915938915025,-0.006809610067056259,0.46011683966903083,0.9999846554801272,0.06565099940386664,1.1460065842139546,1.0246774800699853e-08,9.763970961584562e-09,1.0494474882212204,3.3903276348598038e-09,0.0035983105450859503,373,3,1,1,0,0.9486,372,0.5934439614438698,-0.335381,-0.335380977455366,431.0,372.0,-0.029686,0.9999847,8.93e-05,8.62e-05,0.9999847,1.0,-0.0002357,4.48e-05,4.31e-05,0.9532344,8.93e-05,8.62e-05,1.0,501.0,372.0,-0.0363469,0.9999841,-0.0001513,0.0003435,0.9999841,1.0,0.0001023,-7.57e-05,0.0001716,0.9845727,-0.0001513,0.0003435,0.9999999,256,1.2548671716884523e-17,2.148933877554503e-18,3.4562493219511315e-18,1.2203560797416536e-17,9.003367911244984e-12,5.117845803887379e-20,24.961184923108945,7.814715116905246,9.871859607943739,3.1410300357088574,1.2346124604084827,1.5809787688462453,0.02553629960919567,0.0,0.8960325791217962,0.008632070602915307,0.0245986963163694,0.21193672874680342,0.9960988076228867,621.4858092413044,289.78282793619235,0.6091702876917058,0.6091702876917171,0.609170287691728,0.7614628596146463,1.787050406901438e-13,372,0.9842,0.9842,-0.01438,0.928358,2,0.9336,0.9995,-3.137865,12.042,6.0211,2.0,0.25535,0.39299,1.27783,0.27248,0.9777,0.9793,1.0017,0.5182,1.9639,2.3805,1.0355,0.3316,14.1641,7.2122,80,0.1165,-0.9869,57,0.1835,-1.0,-1.0,0.9999847,0.9999847,0.0,-0.0002323,-0.0001844,-0.0296855,0.029687,177.0,195.0,0.9999823,0.9999859,-1.8e-06,0.0003042,1.1e-05,-0.036348,0.0363493,181.0,191.0
2,825,138647,0.0,5.182221413444084e-11,2.5392236442578974e-11,5.182221413444084e-11,1.1507495728970873,6.7814236035474265,5.730669203968712,-9.32664260784738,9.340939684079643,-0.1403665729638904,9.340939684079643,8.603712304732796e-05,12.566304890115747,6.53725123726919,-1.1040785898612442,1.0415656306660426,-0.01124445796367034,1.1040785898612442,0.20659195831947544,2.399797320528927,1.3492985489973917,0.21532833138715107,2.399797320528971,1.3486460270647744,0.0,0.07028495698508831,0.014500447031478958,0.004053244228650277,1.4141171881978085,0.8941020743616068,0.01472954787002692,-0.13839572520216284,0,0,0,9.546249548607173e-09,0.5935178126288231,372,0.9331,-0.02763,0.46153715214956126,-0.0020730431347826513,0.45942596146301734,0.9999846395578668,0.0656503009532373,1.1445789146692473,1.0196201466212582e-08,9.544857507545958e-09,1.068240301979541,3.3780605864529413e-09,0.013650161833365822,370,6,1,1,0,0.9331,372,0.5935178126288231,-0.024917,-0.024916515783347304,431.0,372.0,-0.0525675,0.9999847,9.38e-05,7.62e-05,0.9999847,1.0,-0.0002341,4.7e-05,3.81e-05,0.9366,9.38e-05,7.62e-05,1.0,501.0,372.0,-0.0427623,0.9999841,-0.0001551,0.0003655,0.999984,1.0,9.85e-05,-7.76e-05,0.0001826,0.9603943,-0.0001551,0.0003655,0.9999999,256,1.1160419800004482e-17,3.853202941178561e-19,1.6603194907657892e-18,1.0868080945479025e-17,8.889540059538779e-12,1.8377377130496722e-19,21.33068259525552,7.2651933477039226,8.916200101107691,3.117951283909075,1.1376546203755362,1.4762472896901797,0.07689504434443234,0.0,0.8938476467819964,0.0006674150133781636,0.023478407301527386,0.024338515748421767,0.996443421967252,621.4858089965991,289.78282782209254,0.6091702876917058,0.6091702876917173,0.609170287691728,0.7614628596146467,1.788312113727327e-13,372,0.9636,0.9636,-0.02254,-0.003446,2,0.8992,0.9999,0.000384,12.038,6.0189,2.0,0.26954,0.84321,1.27834,0.26459,0.9782,0.978,0.9998,0.5188,2.1425,2.3805,1.0355,0.3571,14.1442,6.6017,81,0.0864,-0.9794,57,0.1702,-0.9704,-5.0,0.9999848,0.9999848,0.0,-0.0002575,-0.0001586,-0.0525667,0.0525675,177.0,195.0,0.9999823,0.9999859,-1.8e-06,0.0002979,3.58e-05,-0.0427634,0.0427645,181.0,191.0
3,825,138647,2.212200763613244e-15,9.230187598614899e-10,2.8436965332966735e-10,9.230187598614899e-10,1.1507495458397679,6.781423635976441,5.730669200019717,-9.389162938898174,9.324666808761819,-0.14452109866943486,9.389162938898174,8.748525239354876e-06,12.565558986618218,6.089252746751352,-1.108243994177497,1.0416026166837318,-0.011316598386679207,1.108243994177497,0.20660435322661463,2.399798440247283,1.3492990959634972,0.22342405771453866,2.3997984402473467,1.3486047077177767,0.010011336334528222,0.08442439095598675,0.023462707096708536,0.1242491650938401,1.412484441555912,0.8431263925713104,0.014760523569270633,-0.15651028383446092,0,0,0,1.433735267891867e-07,0.5940782584481502,372,0.8719,-0.02453,0.46610929233569787,0.024893149076172027,0.46252926372086056,0.9778963283607637,0.35427857286935854,1.1460323316929857,1.6675302651423018e-07,1.4337516259602959e-07,1.1630537918486585,5.471494023996508e-08,0.05690030100795586,363,13,0,0,0,0.8719,372,0.5940782584481502,0.153199,0.15319863437256065,240.0,372.0,0.0023784,0.9822784,-0.001323,-0.0595116,0.980473,0.9995141,-0.0062399,-0.0007534,-0.0305283,0.8804087,-0.0013469,-0.0605853,0.9981621,491.0,372.0,-0.1661928,0.9961703,0.0023416,-0.0135081,0.996076,0.999972,-0.0029506,0.0011556,-0.0067844,0.9276209,0.0023507,-0.01356,0.9999053,256,2.2186429955640695e-17,7.8437949144593885e-19,3.3479072009893462e-18,1.1825402825589208e-16,1.405611193547553e-10,2.9380780431107676e-19,21.616115980722107,6.256713005170626,7.482821928278563,3.1413668343749923,1.2035848671377831,1.532016320355959,0.05877352523249127,0.0,0.8760119938641444,0.04966083217606502,0.04543593862331557,0.4425767826676803,0.982130490736922,621.4858568281703,289.7828501247224,0.6091702876913306,0.6091702876916182,0.609170287691728,0.7614628596145226,3.1852083705582406e-12,372,0.9249,0.9249,-0.03219,1.167856,2,0.8065,0.9966,-0.008932,12.08,6.0402,2.0,0.27339,0.73773,1.27671,0.2436,0.9782,0.978,0.9998,0.5188,2.1425,2.3805,1.0355,0.3571,14.1442,6.6017,81,0.0413,-0.8975,57,0.0691,-0.8923,-3.0,0.9727379,0.9928817,-0.0102481,-0.0100828,-0.0293959,-0.0095504,0.0325114,177.0,195.0,0.9967723,0.9957885,0.0004938,0.0065729,0.0047736,-0.1650537,0.1652535,181.0,191.0
4,825,138647,2.5833331932564544e-15,5.7141891082361975e-09,1.2996149368111001e-09,5.7141891082361975e-09,1.1507494815153565,6.781423779761439,5.7306691866268915,-9.301742010244913,9.316849478457677,-0.1495149355351175,9.316849478457677,0.0001773210298683381,12.566212274637465,6.0025995104536385,-1.1113071699950616,1.0410636736517027,-0.011426392628898179,1.1113071699950616,0.2066409186128491,2.3998018243910035,1.3493026825036054,0.22501199289945875,2.3996271656652888,1.3486816165630202,0.012946423202661523,0.09848610870904138,0.032038742870771485,0.019924928072011516,1.4137550426451433,0.8439134462246426,0.01479006466737129,-0.1741586838620434,0,0,0,7.149963717834968e-07,0.5938535081606731,372,0.8484,-0.02458,0.4698681456481142,0.029396337086629903,0.4644381585025003,0.021764321024412784,0.8232284985392635,1.144204023618292,8.819204566588603e-07,7.149818183220775e-07,1.2334865503692878,2.911965120523237e-07,0.09760968139840065,357,19,0,0,0,0.8484,372,0.5938535081606731,-0.055982,-0.05598227582412729,240.0,372.0,-0.0023164,0.0329212,-0.0218637,0.0244479,-0.0028441,-0.8711271,0.0163221,-0.0268907,-0.490049,0.8633448,-0.6641208,0.7426173,-0.0863898,592.0,372.0,-0.1971811,0.6445071,-0.1405488,0.248593,0.5777863,0.9717727,-0.0026764,-0.0980587,0.2145582,0.8987251,-0.2180718,0.3857103,0.8964777,256,1.158965999750322e-17,1.33744726397769e-18,2.4625190847820186e-18,1.867058069607441e-15,6.262167655680937e-10,-3.9256329982076644e-19,32.53827465791336,7.110396064395321,8.963545595834107,3.140452631772863,1.1854120945776865,1.4613851013684886,0.2113883947809953,0.0,0.33722103495971445,0.31086976768265406,0.06796511979088597,1.8448095875173682,0.12063728924467161,621.4859199582278,289.7828795606424,0.6091702876892682,0.6091702876913279,0.609170287691728,0.7614628596141598,1.9718863712376074e-11,372,0.8961,0.8961,-0.03787,0.684977,2,0.7603,0.9967,-0.001909,12.079,6.0396,2.0,0.28725,0.63602,1.27519,0.20754,0.9782,0.978,0.9998,0.5188,2.1425,2.3805,1.0355,0.3571,14.1442,6.6017,81,0.0382,0.4908,56,0.0821,0.7858,1.0,0.0954191,0.1048512,-0.0470967,-0.0185007,-0.0264558,0.0890378,0.0947096,177.0,195.0,0.6850225,0.6348522,0.0380114,0.0789677,-0.1281426,-0.0447353,0.1570277,181.0,191.0
5,825,138647,1.3733266993378764e-14,1.9509804133790906e-08,3.852934105374415e-09,1.9509804133790906e-08,1.1507493692162503,6.781424167977639,5.730669171694211,-9.307897805640186,9.322889765614859,-0.135097371245151,9.322889765614859,0.00019226345846701183,12.565989395993155,5.995978948971397,-1.1145295843392786,1.0392443504012305,-0.011598171270922483,1.1145295843392786,0.20672193631892982,2.3998080993570987,1.349313794750907,0.22500422922370106,2.3990815752596415,1.3479012287557668,0.016545179587151557,0.1125667927895215,0.04034219911785068,0.08471238626885225,1.414137281867919,0.9795224567092169,0.014817976783360193,-0.19137574229463752,0,0,0,2.170401017681922e-06,0.5938353001200243,372,0.8466,-0.02373,0.4731801938755404,0.03198163350265553,0.46751189974116036,0.04190467914415471,0.5693920500089158,1.1441887627447511,2.7288627517030517e-06,2.1703452039519634e-06,1.2573404206547827,9.063546919571438e-07,0.1125523685656451,355,21,0,0,0,0.8466,372,0.5938353001200243,-0.097722,-0.09772153963453345,240.0,372.0,-0.0014602,0.0573098,0.0490593,0.0033715,-0.0294317,-0.4316383,-0.4789588,-0.0959786,-0.7583369,0.8574986,0.8560375,0.0588294,-0.5135552,592.0,372.0,-0.2264682,0.0926606,-0.0378301,0.0836063,-0.0128398,-0.8141808,-0.0534694,0.188983,-0.5463846,0.8922307,-0.4082649,0.9022852,-0.1385681,256,7.164275649962652e-17,5.103255559662458e-18,1.276615155906048e-17,1.2568894332813681e-14,1.7700495999442666e-09,9.357478183879392e-19,23.09776403693109,5.6675678599134605,7.037352290397755,3.140143748341756,1.2977885228141486,1.5891505903359873,0.06084798653553279,0.0,0.07298448565574872,1.6145866993150901,0.11341673801254544,2.176673769900159,0.03158135820689709,621.4859883082084,289.78291143047824,0.6091702876833291,0.6091702876908093,0.609170287691728,0.7614628596135116,6.732558534070598e-11,372,0.8875,0.8875,-0.04046,-1.271207,2,0.7513,0.9959,0.001975,12.078,6.0391,2.0,0.29885,0.59967,1.27379,0.15391,0.9782,0.978,0.9998,0.5188,2.1425,2.3805,1.0355,0.3571,14.1442,6.6017,81,0.0965,0.6842,56,0.1929,0.8898,-1.0,0.0844456,0.1346197,-0.2290373,-0.0351395,-0.0864446,0.0255141,0.0967389,177.0,195.0,0.2714406,0.1503342,0.2871351,-0.0084119,-0.0004033,-0.1743111,0.1745144,181.0,191.0
6,825,138647,9.712577468627372e-14,5.35190180118146e-08,9.398804804961531e-09,5.35190180118146e-08,1.1507491163662618,6.781424653530753,5.730669208107323,-9.388283722215785,9.379601769049831,-0.124280038528708,9.388283722215785,0.00017125802635506248,12.566271077306002,5.704228222355432,-1.117640578175363,1.0384068646143971,-0.011525514072983679,1.117640578175363,0.20688979088652473,2.3998255709780714,1.3493421719958343,0.2250656093506353,2.3979024949689682,1.3421403481027752,0.01719447069058361,0.12670759831090592,0.04919936801274964,0.34500132991299437,1.4140788295158226,0.9789811394033066,0.014843665750181619,-0.2081862048611042,0,0,0,5.18396293835692e-06,0.5949808312614335,372,0.8519,-0.0227,0.47642570459529127,0.03772113432848095,0.47036098065283494,0.11368849940947344,0.5052388070262313,1.140602994664233,6.572921623474776e-06,5.184276482500026e-06,1.2678570762308379,2.1569961593584847e-06,0.1275171473864084,353,23,0,0,0,0.8519,372,0.5949808312614335,0.018324,0.0183241806585841,240.0,372.0,0.0023078,0.1368833,-0.018146,-0.0142243,-0.1349275,-0.1330575,0.1673139,0.4494855,-0.8673319,0.8483337,-0.1325655,-0.1039152,-0.9857119,725.0,372.0,-0.221009,0.0810359,-0.0065017,-0.0337656,-0.0733787,-0.490205,-0.796782,-0.0685903,-0.3466019,0.8547571,-0.0802319,-0.416674,-0.9055085,256,4.5496414269425005e-17,7.039726350812664e-18,1.0561426875866326e-17,6.207260947899084e-14,4.948381544392643e-09,-1.3392814273959746e-18,24.44283478148442,7.299892206676734,9.09295285294316,3.137389138955931,1.3222566229965438,1.6216873611453928,0.03496521935437692,0.0,0.10263189264353681,1.0964911940676578,0.06790429947054473,1.5492414823470535,0.10388241594090053,621.4861341696045,289.7829794418909,0.6091702876686882,0.6091702876889917,0.609170287691728,0.7614628596112396,1.8468654754978998e-10,372,0.8935,0.8935,-0.04249,-1.000404,2,0.7612,0.996,-0.002033,12.051,6.0254,2.0,0.30798,0.62633,1.27215,0.17032,0.9782,0.978,0.9998,0.5188,2.1425,2.3805,1.0355,0.3571,14.1442,6.6017,81,0.1156,0.2406,56,0.1804,0.631,-1.0,0.1223863,0.1624041,-0.1405166,-0.0318133,0.0192889,0.0230078,0.0437436,177.0,195.0,0.1318651,0.1235253,0.0326551,-0.012384,0.0995979,-0.0031796,0.1004152,181.0,191.0
7,827,138649,0.0,9.844662641608334e-08,1.926207889078374e-08,9.844662641608334e-08,1.1382852525311082,6.767257681089009,5.730961076439547,-9.136375608096296,9.351769320078779,-0.110915470208967,9.351769320078779,0.0009678416387579603,12.56601480382961,5.508723872417245,-1.1241436685093242,1.0389875137195144,-0.012507678352533125,1.1241436685093242,0.20722369815419261,2.399862422745142,1.34803490293944,0.22513428933225282,2.397920564867291,1.3299424304136929,0.0,0.1408351567239899,0.058685558848199836,0.00013649871528220725,1.4141802917250832,0.9501692621334441,0.01486716118584907,-0.22436144188914606,0,0,0,9.644475516877728e-06,0.5974108403447219,372,0.8632,-0.02045,0.47898994668644823,0.020198027064039715,0.4733371208568301,0.06359063321691627,0.47149847073162343,1.141445391684893,1.1891769024390218e-05,9.645941270832528e-06,1.2328261898451156,3.849740200529727e-06,0.08231616526440784,358,18,0,0,0,0.8632,372,0.5974108403447219,0.03575,0.03574998212099345,240.0,372.0,-0.0291445,0.0644624,-0.0044146,-0.0642419,-0.0029824,-0.6996249,0.0708469,-0.6319505,-0.3257979,0.857937,-0.0684827,-0.996579,-0.046265,592.0,372.0,-0.1728937,0.0085413,-0.0029922,-0.0037524,-0.0070654,-0.4808612,-0.7649107,-0.1341741,0.4070398,0.8923678,-0.3503258,-0.4393264,-0.8272026,256,1.848899011256769e-16,1.8892477988959924e-17,3.4598427086473657e-17,1.7642486923210496e-13,1.119442626699694e-08,-1.7051297474110094e-18,24.48014599381061,7.418512835323826,9.277583888296265,3.1343772028045866,1.1736441905041617,1.4909575500803838,-0.05224972232363262,0.0,0.029961814962876195,2.0277309661036504,0.028361044997499855,2.4732346771012894,0.04421502325251646,621.4863542480092,289.7830820587834,0.6091702876493468,0.6091702876844176,0.609170287691728,0.761462859605522,3.397252376386594e-10,374,0.9062,0.9062,-0.03642,-0.096382,2,0.7825,0.997,0.003105,12.033,6.0164,2.0,0.31929,0.65148,1.27136,0.19731,0.9782,0.9781,0.9999,0.5187,2.1449,2.3833,1.0367,0.332,14.2202,6.6298,81,0.1093,-0.3239,56,0.1618,0.0457,-2.0,0.1047958,0.0639855,0.2417941,-0.0288282,-0.0193599,-0.0445255,0.0564659,177.0,195.0,0.042002,0.0392277,0.0341537,0.0349321,-0.0029497,0.0189733,0.0398615,181.0,191.0
8,860,138691,0.0,1.6885562266464875e-07,3.649061763194656e-08,1.6885562266464875e-07,1.000909540133664,6.894406119138756,5.733632792844966,-9.384980430553904,9.04335779815684,-0.09667247680726941,9.384980430553904,1.0876615643695686e-05,12.566343890924623,5.216584035181628,-1.1310375766102225,1.0402454811154636,-0.012448714612512868,1.1310375766102225,0.20783890860985177,2.399937349431765,1.3293154645252794,0.22533451039498584,2.397982202083091,1.2700355861687056,0.0,0.15495922975704376,0.06591887252440057,0.0003305770973067723,1.4141830050201747,0.7894430791310074,2.1693235986493986e-12,-0.23985252527215714,0,0,0,1.8160268362842137e-05,0.5965496016681272,377,0.8506,-0.01691,0.48216474905340906,0.010601832359034776,0.4764312656477721,0.02882122580573549,0.4695361545300062,1.161936585685203,2.1753144651104473e-05,1.816263695977629e-05,1.1976864757733068,7.012553728017042e-06,0.07485041404306254,359,22,0,0,0,0.8506,377,0.5965496016681272,0.028589,0.028589143581253973,240.0,372.0,-0.0287551,0.0416177,0.0186505,-0.0316277,0.0195928,-0.5216399,0.5219608,0.6491246,0.1846239,0.8782564,0.4481393,-0.7599581,0.470781,592.0,372.0,-0.1316944,0.0835456,0.000451,-0.0662587,-0.0508866,-0.0984891,-0.1053225,-0.0016625,-0.9895475,0.9214053,0.0053978,-0.7930842,-0.6090881,256,4.853276519341921e-16,3.663138577943856e-17,7.842833914528966e-17,4.562810737012407e-13,2.2791731932498377e-08,-5.553695663495789e-18,24.52077140581229,7.359556948392559,9.174431652627685,3.1316178031271784,1.1567012933547596,1.4599847666952852,-0.09586894715447476,0.0,0.042908766023863246,0.5628782494850512,0.016004318065933273,1.1687990862082973,0.03719734148589769,621.4865889967251,289.7831915160642,0.6091702876190359,0.6091702876771099,0.609170287691728,0.7614628595963874,5.826964006478208e-10,402,0.8005,0.8005,-0.03282,-0.03345,2,0.6819,0.9992,0.001155,12.03,6.0151,2.0,0.32951,0.67021,1.30489,0.18372,0.9783,0.9789,1.0006,0.5174,2.0802,2.3691,0.9708,1.3125,13.6369,6.5556,81,0.1604,-0.828,56,0.1989,-0.7303,-0.0,0.1070793,0.0309749,0.5512645,0.0469861,-0.0431534,0.0106671,0.0646815,177.0,195.0,0.1258617,0.0530879,0.4066721,-0.0112719,-0.0238953,-0.0099301,0.028225,182.0,190.0
9,916,138761,0.0,2.2934895486387452e-07,5.593928293730584e-08,2.2934895486387452e-07,0.863472789402311,7.057916936398576,5.739373940666912,-9.377228011685451,9.384698632479886,-0.11274867899036391,9.384698632479886,0.00042873939472391504,12.566108850473483,5.124661540699623,-1.1374888437781132,1.0418306730853832,-0.011668697502641729,1.1374888437781132,0.2089051138705875,2.4001704471644447,1.291639252591101,0.08586158832266844,2.3977911985535023,1.1852289680006707,0.0,0.1690902494570648,0.07034963980651848,0.00792033539269188,1.4141392327896405,0.9437561859081256,6.266754546474415e-11,-0.2543648419800077,0,0,0,2.62237777578174e-05,0.5880380286409481,392,0.7922,-0.01533,0.48355761583382323,0.0009390485976281313,0.47775719600446565,0.03159574046545941,0.440241010182988,1.2100220751311317,3.105316724136311e-05,2.6226679510668154e-05,1.184029691167412,9.920747277538309e-06,0.06581960728052344,361,35,0,0,0,0.7922,392,0.5880380286409481,0.069931,0.06993132536000113,240.0,372.0,-0.0295588,0.0509319,-0.0314173,-0.0361842,-0.0172545,-0.8786056,0.0479511,-0.1787075,0.440246,0.8853944,-0.6168486,-0.7104424,-0.3387764,725.0,373.0,-0.1169618,0.0612858,-0.007703,0.0601519,-0.0088516,0.2250481,-0.1946636,-0.8910114,0.3428677,0.9321885,-0.1256903,0.9814997,-0.144431,256,4.194601570686145e-16,6.528165639993744e-17,9.026728154247859e-17,1.0613179291686954e-12,3.8034468746300783e-08,-7.193957488330386e-18,24.747012804052122,8.420427688542908,10.146186535014486,3.124405868710408,1.2713769397752468,1.5639463763323627,-0.2502238387674094,0.0,0.01841690227742737,2.1872297160145364,0.017717362485916613,1.334023841749174,0.017285829608591822,621.4867594367727,289.7832709878691,0.6091702875929936,0.6091702876702333,0.609170287691728,0.7614628595877916,7.914499483770252e-10,443,0.7034,0.7034,-0.02911,0.067006,2,0.5587,1.0,0.002308,12.006,6.003,2.0,0.33637,0.67511,1.3604,0.16422,0.9784,0.9793,1.0009,0.5131,1.9911,2.3783,0.8628,3.5081,12.3153,6.1852,81,0.1383,-0.9678,56,0.1847,-0.9691,-2.0,0.0678859,0.0675674,0.0023517,-0.0297761,0.0325829,-0.0068802,0.0446721,180.0,192.0,0.0504598,0.0985023,-0.3225149,-0.0141381,-0.0479949,-0.0280345,0.0573527,182.0,191.0
10,965,138822,0.0,3.564359042938137e-07,8.741133250801434e-08,3.564359042938137e-07,0.7542252861459898,7.199924001397377,5.736836407312153,-12.77432896265091,10.597615773151455,-0.1416630494088331,12.77432896265091,0.00030278721737708736,12.566163891862944,4.848111853831747,-1.1436388108902062,1.0472689780179596,-0.01204528308081149,1.1436388108902062,0.21066709238869424,2.4004317213107904,1.2652117669994438,0.0911621652693696,2.397190839707716,1.1179586331268596,0.0,0.18323198284263345,0.07649349351687454,0.0036462940336111638,1.4140223619801446,0.8322377533017385,6.875394018206862e-10,-0.267941966503674,0,0,0,4.030514637522222e-05,0.5804065342549813,404,0.7827,-0.01338,0.4835295308877962,0.0022328217419419175,0.48197680125601905,0.026249078471650766,0.38404650071510615,1.2508671334541026,4.771294680977581e-05,4.031334539324279e-05,1.1835521548596986,1.529743181577956e-05,0.06453054349496314,371,37,0,0,0,0.7827,404,0.5804065342549813,-0.017364,-0.017363993915927356,240.0,372.0,-0.025043,0.0413489,0.0024525,0.0409503,0.0051759,0.0725906,-0.8495234,-0.1482056,-0.5010745,0.8815579,0.0593129,0.9903599,0.1251771,592.0,374.0,-0.0880067,0.0459433,0.0397675,-0.0203068,0.0108151,0.9279107,-0.0917401,0.1070435,0.345119,0.9311131,0.8655783,-0.4419963,0.2354006,256,1.3643880566608177e-15,7.881187470204599e-17,2.039601307444231e-16,1.5408694665086037e-12,6.017501625251789e-08,-5.597415147492021e-19,24.093908805572767,5.951585688990356,7.496104977860703,3.135264090816164,1.200079639732727,1.5105854813168662,0.05470483125835457,0.0,0.03286136426262787,2.3974329207991656,0.022057277990584576,1.1525305598112392,0.019183216054835514,621.4870142798931,289.7833898146533,0.609170287538283,0.6091702876574863,0.609170287691728,0.7614628595718578,1.2300080571277452e-09,480,0.6806,0.6806,-0.02708,0.122488,2,0.534,0.9999,0.000865,12.006,6.003,2.0,0.33826,0.67554,1.40555,0.16258,0.9784,0.9786,1.0002,0.5047,2.2362,2.1297,0.8625,6.7769,10.0627,4.4999,81,0.0937,-0.9996,56,0.1766,-0.9543,-6.0,0.0771687,0.0552759,0.1652972,0.0199972,0.0077436,0.0476009,0.0522082,180.0,192.0,0.0704224,0.0739047,-0.0241277,0.013124,0.0300642,-0.0459164,0.0564306,186.0,188.0
11,1007,138877,0.0,4.605151575044047e-07,1.1826786721428213e-07,4.605151575044047e-07,0.6792624643145637,7.311263079976679,5.727258614473142,-12.839440370172976,11.734102825053727,-0.1487235386154244,12.839440370172976,0.0003322109121732808,12.566110560340256,4.975779721316487,-1.1505291669444309,1.0545251337801498,-0.012741686228661514,1.1505291669444309,0.21275058818040168,2.400813449188809,1.2598382341018826,0.06369744185932691,2.3956315287019145,1.0532486333723996,0.0,0.19736671217964866,0.08147664175122159,0.0019489914312549317,1.4141405136623495,0.892014010174788,2.056076196855694e-09,-0.28099789173521034,0,0,0,4.986456812969095e-05,0.5767014961132199,414,0.7736,-0.01199,0.48260334011237,0.005557397440614798,0.4839661697810342,0.06807572949228301,0.37956642727710144,1.280203912750124,5.842675334647025e-05,4.9878951776740794e-05,1.1713709142884474,1.877928272040052e-05,0.05723091636274011,381,37,1,1,0,0.7736,414,0.5767014961132199,-0.016196,-0.016196458455769225,140.0,372.0,-0.0294278,0.0766917,-0.0105567,-0.0662475,0.0371679,0.6280054,-0.3127202,-0.3427324,0.6247798,0.8840774,-0.1376505,-0.8638152,0.4846396,592.0,376.0,-0.069332,0.1148412,-0.0965646,0.0619292,-0.0053441,0.8379817,0.0076339,-0.1572398,-0.5224978,0.930435,-0.8408529,0.5392597,-0.0465344,256,1.692212863020996e-15,1.0555058838792681e-16,2.0472596496902625e-16,3.3337060030905726e-12,8.25874496204722e-08,4.062126224644301e-18,24.528045778912983,5.561476510530137,6.934588023001095,3.1203177982282435,1.366177694108494,1.6522853543278235,-0.09063131285870972,0.0,0.04245331976954419,2.10391819490677,0.009245375908497814,2.0371040170016865,0.056221617074325145,621.4872257350391,289.78348841074234,0.6091702874934772,0.6091702876446666,0.609170287691728,0.7614628595558333,1.589169762673522e-09,512,0.674,0.674,-0.02708,0.016223,2,0.522,0.9999,0.001033,12.013,6.0067,2.0,0.33776,0.66889,1.4431,0.17798,0.9774,0.9781,1.0008,0.5065,2.4805,2.1704,0.6821,9.479,8.2338,3.3194,81,0.0548,-0.6497,57,0.1815,-0.6024,-2.0,0.0608059,0.0944745,-0.2168243,-0.0112705,0.0168764,-0.0133136,0.0242712,177.0,195.0,0.0988965,0.1297958,-0.1351129,0.0253334,-0.0036431,0.0049104,0.0260608,189.0,187.0
12,1045,138923,0.0,6.058396417638312e-07,1.5654957606750453e-07,6.058396417638312e-07,0.6493366467322732,7.3614465698680185,5.726660555199473,-12.835899536897724,11.957118636746985,-0.1357280337483843,12.835899536897724,0.0007724009502378948,12.56591030304808,4.809847584442922,-1.1575767454754273,1.0637963818196523,-0.012841707776817259,1.1575767454754273,0.05227798044608738,2.4014819545037147,1.2450602156492556,0.052663976892828646,2.3927881528041897,0.9889070717458327,0.0,0.21150459801971383,0.08691117625648054,0.004275285789858585,1.4141039269620683,0.9044991748938573,8.388246830977301e-10,-0.29355891002106593,0,0,0,6.0168886160213566e-05,0.5698319280294559,427,0.747,-0.00973,0.4827057128347671,0.009245685318005209,0.4855205688855112,0.05626536717665713,0.382218380771415,1.3109350839767953,6.97440017259883e-05,6.019119087574115e-05,1.1587077894831488,2.254358321522802e-05,0.056203194533359896,387,44,1,1,0,0.747,427,0.5698319280294559,-0.029719,-0.02971924978191076,140.0,373.0,-0.0126871,0.0324743,0.0012046,-0.0068179,-0.0317277,-0.2338011,0.9378245,-0.1409362,0.2143812,0.884973,0.0370938,-0.2099479,-0.9770087,554.0,374.0,-0.0868085,0.0559159,-0.0393165,0.017739,-0.0355827,-0.0212504,-0.263417,0.9619197,-0.0697875,0.9306173,-0.7031368,0.3172443,-0.6363605,256,1.6183681651375117e-15,1.3006314061811533e-16,2.5710050866204914e-16,6.077641622145417e-12,1.1010182359193715e-07,4.188859736429995e-17,30.163650566265957,6.3596500903116775,8.154230995432478,3.1298113912094756,1.3948246047063522,1.696206022631223,0.05170025961184546,0.0,0.0323149506205533,1.7980554452171846,0.02904854313915124,2.7442986702700054,0.044566983571228895,621.4874736129754,289.7836039898405,0.6091702874309154,0.6091702876270493,0.609170287691728,0.7614628595338115,2.0906622508051604e-09,537,0.6425,0.6425,-0.02463,0.071111,2,0.4805,1.0,0.000889,12.012,6.006,2.0,0.33793,0.66328,1.4781,0.1779,0.9775,0.9779,1.0004,0.5024,2.5992,2.0896,0.6727,10.3533,7.9846,3.0719,81,0.04,0.9892,57,0.0917,-0.2094,2.0,0.0873483,0.0883221,-0.0055433,-0.0158177,-0.0774264,0.0204708,0.0816339,178.0,195.0,0.0458808,0.0915786,-0.3324452,0.0082807,-0.0442277,0.0260658,0.0520008,186.0,188.0
13,1081,138967,0.0,8.832961228546656e-07,2.0440587157765857e-07,8.832961228546656e-07,0.626442742600331,7.401894162366297,5.72552961392282,-12.840377332736029,12.480494311098962,-0.14430192383297738,12.840377332736029,0.0007463291723013299,12.56581172163638,4.791566433822059,-1.1641787031054307,1.06780439696756,-0.011090929541676035,1.1641787031054307,0.05242806383156242,2.4024037629083703,1.2308311365178919,0.06715877794678682,2.3835112173638198,0.9523319555679626,0.0,0.2256249832256293,0.09233197234606336,0.15893713860709213,1.414134304064499,1.0368264658243749,8.358031516638546e-09,-0.3056944451275882,0,0,0,7.436948841490278e-05,0.5666460349245225,440,0.7328,-0.00774,0.4806394926706327,0.014416996682659357,0.48709438117554443,0.029625081180760567,0.3517356073150641,1.3340885318292108,8.449686861237637e-05,7.439767120486686e-05,1.135746149630136,2.7473674453170514e-05,0.04165180141207309,397,47,0,1,-1,0.7328,440,0.5666460349245225,-0.016881,-0.016880570622104685,140.0,373.0,0.0151893,0.0266927,0.0168461,-0.0207039,0.0002469,-0.7371992,0.2499226,0.6201367,-0.0975016,0.8907112,0.6311108,-0.7756375,0.0092501,554.0,375.0,-0.0845591,0.0515446,-0.0273267,-0.0418784,0.0125017,-2.21e-05,0.0498059,0.7306512,-0.6809319,0.923144,-0.5301575,-0.8124695,0.2425412,256,4.732740956035286e-15,2.4387508440575875e-16,5.77651308855041e-16,1.1196937586770776e-11,1.426961055441324e-07,9.78480402004851e-17,28.548559541739316,6.543948559381529,8.353844812190706,3.1412785096851166,1.3797419127915327,1.7202551508397144,0.12554550562037375,0.0,0.03519565220449748,1.9793764985499984,0.021603445892253246,0.6858916577258772,0.03216070222397176,621.4877153336176,289.78371669795104,0.6091702873114713,0.6091702876071777,0.609170287691728,0.7614628595089721,3.0481220025738976e-09,560,0.6154,0.6154,-0.02551,0.055069,2,0.4511,1.0,0.000493,12.016,6.0082,2.0,0.33895,0.66529,1.50635,0.17152,0.9783,0.977,0.9987,0.5014,2.5705,2.0161,0.6955,11.1892,7.745,3.013,81,0.083,0.8816,57,0.0668,0.8882,0.0,0.03712,0.0555254,-0.1986647,-0.0261882,-0.0026873,-0.0282764,0.0386341,179.0,194.0,0.0921614,0.053563,0.2648722,0.0305806,-0.0378741,0.0148288,0.0508873,187.0,188.0
14,1122,139014,0.0,1.1987629032322728e-06,2.7718685817435236e-07,1.1987629032322728e-06,0.6651087521662946,7.321946992042925,5.746497386553861,-12.842240182236763,12.607442047374596,-0.13145123495174837,12.842240182236763,0.0006081468408023483,12.565834602573823,4.626437763749279,-1.1709209915028564,1.0797738597936586,-0.00983278177577698,1.1709209915028564,0.05344048916213183,2.403567305484194,1.222915840261502,0.053301419236009506,2.389378324690621,0.9104439265610601,0.0,0.23975053310880654,0.09916801094661153,0.006319661743653282,1.4140905150408707,0.994521598811967,2.5145784275604596e-08,-0.31753559452499475,0,0,0,0.00010894038376242251,0.5588593998574172,466,0.6726,-0.0029,0.4820672726081364,0.016426018640686615,0.4909600638240426,0.09236118848357647,0.3434816273177261,1.3775706229395435,0.0001220867956987302,0.00010898014113199089,1.1202664488281882,3.998659102935015e-05,0.03163781468587855,407,63,0,0,0,0.6726,466,0.5588593998574172,0.003309,0.003309196678294546,195.0,372.0,0.0326822,0.0807442,-0.0024165,0.080645,-0.0031895,0.1624786,-0.4053823,-0.1762513,-0.8821572,0.9014162,-0.0299272,0.9987713,-0.0395008,464.0,373.0,-0.0777593,0.0454004,0.0156,0.0379834,-0.0193675,0.8423419,-0.2373176,0.0947338,-0.4745166,0.9190893,0.3436096,0.8366309,-0.4265926,256,3.15349688340321e-15,2.7671878412536724e-16,4.477727125559611e-16,1.3959893465913607e-11,1.9289770705129492e-07,5.732235384401111e-17,26.904353086292325,7.307855543312935,9.210487506675445,3.1347002503246775,1.045979857627246,1.328970246424755,0.16671929099857027,0.0,0.03704594861447957,1.9966757143290053,0.02041662092045216,2.396845233950391,0.061188814120414756,621.4880503113724,289.7838728894515,0.6091702871756639,0.6091702875752458,0.609170287691728,0.7614628594690572,4.136748160894323e-09,575,0.6018,0.6018,-0.02368,0.071323,2,0.4056,0.9966,7.2e-05,12.017,6.0084,2.0,0.33986,0.66512,1.5469,0.16244,0.9818,0.9772,0.9953,0.4973,2.4747,2.1654,0.6806,10.6944,9.1943,3.7153,81,0.0928,0.9158,57,0.1231,0.8287,-2.0,0.0646109,0.1095076,-0.2578514,-0.0285627,-0.0216092,0.0058286,0.0362872,178.0,194.0,0.1324659,0.0615369,0.3656082,0.0522021,0.0630913,0.0299122,0.0871797,189.0,184.0
15,1171,139077,0.0,1.4589198924010448e-06,3.4799826698440735e-07,1.4589198924010448e-06,0.7080127635992362,7.246610030097763,5.7644608059770235,-12.845611538334452,12.6000403415808,-0.16413884597310363,12.845611538334452,0.0011716764343585595,12.565040718141628,4.607075210939116,-1.1758243002661293,1.0935918970091902,-0.009056046814099699,1.1758243002661293,0.05502777220710585,2.404928589253014,1.2053990539011148,0.05774479018999057,2.3947528333753705,0.904207960749615,0.0,0.25387146365183416,0.10447164816305608,0.007443545386365491,1.4140886889944186,0.9829742118791122,1.1446893008865241e-08,-0.32888320508136815,0,0,0,0.00015512694424454405,0.5498159072024319,496,0.6173,0.00137,0.48209862282379456,0.015031068081415692,0.4951758505572153,0.031179680697274326,0.2688081711267853,1.4216733118212779,0.0001735283387564893,0.00015517734768738295,1.1182581822836402,5.717525998209549e-05,0.027704801173495663,418,82,0,0,0,0.6173,496,0.5498159072024319,0.013962,0.01396172827167974,195.0,372.0,0.0369529,0.0216345,0.0035582,0.0080673,-0.0197563,-0.835832,-0.2025129,-0.1871748,0.4746988,0.90301,0.1644687,0.3728901,-0.9131829,554.0,377.0,-0.0748177,0.0833693,-0.0045657,-0.0196572,-0.08089,-0.2739503,0.8610376,0.3498318,-0.2473524,0.9161339,-0.0547644,-0.2357843,-0.9702611,256,4.763690200927369e-15,5.146055859824849e-16,7.917870318436178e-16,1.8061802908514054e-11,2.439365766254938e-07,9.795385439644262e-17,26.43067574935904,7.1146593101443525,8.8436252863251,3.128247260159585,1.2164627550454297,1.5239400680023865,-0.04157987318030707,0.0,0.0416860379849278,1.9932518252464797,0.03474655050664788,2.329511224431955,0.05044887330797155,621.4883861961495,289.7840295038731,0.6091702870636675,0.6091702875381027,0.609170287691728,0.7614628594226283,5.034507577587348e-09,594,0.5679,0.5679,-0.02309,0.05477,2,0.3514,0.9948,-9.3e-05,12.019,6.0093,2.0,0.33854,0.65557,1.58662,0.17384,0.9834,0.979,0.9955,0.497,2.5299,2.1082,0.7906,9.7355,11.1561,4.4097,81,0.1325,0.8382,57,0.167,0.8085,2.0,0.0529713,0.0477665,0.0516664,-0.0355895,-0.0156756,-0.0242127,0.0458104,178.0,194.0,0.1365656,0.0415521,0.5334311,-0.0001484,-0.0258544,-0.0368823,0.0450419,189.0,188.0
16,1211,139125,0.0,1.8811760584175342e-06,4.3877458493977073e-07,1.8811760584175342e-06,0.748634947428996,7.18285317758604,5.77751157779964,-12.846008352867313,12.267806967872886,-0.18546783701130123,12.846008352867313,0.0012611732161787476,12.566230879788842,4.648372967946403,-1.1814708791084545,1.103234303174324,-0.008904315161069936,1.1814708791084545,0.05712840962409898,2.406606670661179,1.190956169468112,0.050884594933871874,2.3859139888648455,0.8880554345685515,0.0,0.2679793452354659,0.11070596701265789,0.009268369509475516,1.414063668932491,0.9515004970709457,3.238577313605495e-08,-0.34004369323440264,0,0,0,0.00021379860951078767,0.5422990188444563,521,0.6039,0.00211,0.48041280188054325,0.01089552426586765,0.49940735743393994,0.031380370451016486,0.24152086039715442,1.4827672875278395,0.00023906211076420674,0.00021386730166606769,1.1178058024853104,7.918394012297971e-05,0.027241025551063343,434,91,0,0,0,0.6039,521,0.5422990188444563,-0.009728,-0.009728298920882228,195.0,372.0,0.0435193,0.0338385,-0.0257447,-0.0216413,0.0037294,0.9565134,0.1332954,-0.2056661,-0.1581645,0.9033976,-0.7608106,-0.639547,0.1102123,652.0,373.0,-0.0923777,0.0793665,0.0096202,-0.063832,0.0461733,0.2699444,0.6269419,-0.6043689,-0.4108675,0.9142305,0.1212123,-0.8042685,0.5817729,256,1.060431498866606e-14,7.801059646625997e-16,1.8820893671178705e-15,2.6338780944753628e-11,3.0815663434433085e-07,-2.3365157965090013e-17,25.009913309222107,7.390035281852977,9.226641098962633,3.1164614936299806,1.23530357189385,1.583083501329898,-0.20383430639689648,0.0,0.03978981346152654,0.9793140218280161,0.01969707487167242,2.271512976298102,0.04901517109327383,621.4887538325324,289.7842009232509,0.6091702868818882,0.6091702874915657,0.609170287691728,0.761462859364457,6.491644652897284e-09,609,0.5582,0.5582,-0.02411,-0.014281,2,0.3373,0.9965,0.000146,12.017,6.0086,2.0,0.33855,0.65343,1.62491,0.17586,0.9853,0.9797,0.9943,0.493,2.2553,2.1479,0.8699,7.8937,13.6394,6.0477,81,0.1123,0.6343,57,0.1071,0.6719,6.0,0.0718861,0.0805891,-0.0570779,-0.0418053,0.0499185,-0.0199955,0.0681128,180.0,192.0,0.1650013,0.0357909,0.6435028,0.0201493,-0.072003,0.0094178,0.07536,184.0,189.0
17,1246,139170,0.0,2.420819491451731e-06,5.245893927078208e-07,2.420819491451731e-06,0.7910166209568336,7.123826137356652,5.786094653389632,-12.845347235807347,12.556626421030824,-0.17660668330844506,12.845347235807347,8.80207945836986e-05,12.566349192203631,4.63521264172214,-1.184673102953094,1.1209600828992758,-0.00739133697002796,1.184673102953094,0.059529449504335696,2.409610100894888,1.176272895088247,0.05586184512275283,2.377438938575538,0.8619298487934096,0.0,0.2814355134891533,0.1170512214365996,0.0031797322481635915,1.4141216802138514,0.9077132506384352,2.6807998701227197e-08,-0.3510094509801211,0,0,0,0.0002779955013675584,0.5401031595387106,544,0.5894,0.0019,0.47807414884522853,0.009014167780751122,0.5045939960937064,0.029623104526923703,0.24162777469972374,1.5399550941543412,0.0003136042235828565,0.00027807039645277333,1.1277871631909515,0.00010447241264453054,0.02729827554426651,450,98,1,1,0,0.5952,542,0.5375007539943535,0.013783,0.013783331134351151,140.0,375.0,0.0450018,0.0151513,0.0053285,0.0130122,-0.0056437,-0.4147885,-0.205528,-0.3131088,-0.8292597,0.8959159,0.3516888,0.8588169,-0.3724897,520.0,372.0,-0.1090809,0.0530123,-0.0077401,0.0135401,-0.0506662,-0.5159601,-0.4207497,0.0095051,-0.7460995,0.9100208,-0.1460065,0.2554138,-0.9557436,256,1.4747476505715515e-14,8.18662761805235e-16,1.5029737265123865e-15,3.768986796545436e-11,3.649524170130672e-07,4.653927441275933e-17,23.677495184413182,7.615667898718106,9.365425716297683,3.138268387640387,1.0791503241632532,1.365445392138499,-0.011028458070119256,0.0,0.03411093648812508,1.199501550942116,0.009923488032555676,2.2103952266595535,0.0285580538166226,621.4890524084791,289.7843401415257,0.6091702866495742,0.6091702874492466,0.609170287691728,0.7614628593115582,8.353865810241657e-09,621,0.5481,0.5481,-0.02423,0.033678,2,0.3232,0.9966,-2.6e-05,12.018,6.009,2.0,0.33649,0.64601,1.65615,0.17056,0.9858,0.9812,0.9954,0.4944,2.1313,2.1859,0.9181,6.3001,15.866,7.4443,81,0.0968,0.1904,57,0.0598,-0.3913,3.0,0.0549979,0.0406067,0.1505281,0.032967,0.0283618,0.0168138,0.0466253,185.0,190.0,0.0796248,0.0505705,0.2231598,-0.0284803,-0.0191355,-0.0100722,0.0357596,181.0,191.0
18,1279,139208,0.0,3.0612913807088928e-06,6.231947893194151e-07,3.0612913807088928e-06,0.828254149582423,7.075154350114968,5.795708082045682,-12.857298197645141,12.462034992398115,-0.18024671780657697,12.857298197645141,0.0009097254958510217,12.564577502747479,4.552483716626503,-1.1890737037596548,1.1402614280552388,-0.005724340710420088,1.1890737037596548,0.06199206765410321,2.412969700416475,1.1641060587919538,0.05,2.3680858500692894,0.8457326275254599,0.0,0.2955766855614023,0.12342136426411536,0.0006590299585590431,1.414095571315517,0.8864428248912211,7.510774057401282e-08,-0.3616553935807368,0,0,0,0.0003485742204490373,0.5369512645852834,565,0.5633,0.00288,0.47717610543472283,0.00469421783326181,0.5092102309233477,0.06840835484726736,0.21878995641542498,1.5739566417363535,0.0003976694883162966,0.00034864406831673655,1.1406173930801582,0.00013331382697275634,0.035220923942671685,457,112,0,0,0,0.5656,563,0.5344257346812669,-0.019629,-0.019628528139637558,195.0,372.0,0.0344365,0.0653109,0.0090256,-0.0286868,-0.0579751,0.4591525,-0.4015001,0.191847,-0.7688767,0.8888366,0.1381946,-0.439235,-0.8876795,520.0,372.0,-0.1116165,0.036104,0.0062135,0.0101228,0.0340943,-0.7754052,-0.5972866,-0.0042068,-0.204885,0.9046112,0.1721011,0.2803796,0.9443349,256,2.2410991270124336e-14,1.5132733918175277e-15,2.583771584287579e-15,4.2969518469717194e-11,4.282510746276931e-07,-3.4025497896826696e-16,36.270446934223024,11.177656300637551,14.569857874912115,3.111211798710198,0.9595870072526766,1.2444160378076827,0.052964544218168944,0.0,0.017310524643975683,0.7880973722051463,0.037929880324688955,2.0957292414655546,0.021698464260915595,621.4893651763224,289.78448597711645,0.6091702863738545,0.6091702874005676,0.609170287691728,0.7614628592507094,1.0564027851203309e-08,633,0.5334,0.5334,-0.0256,0.014396,2,0.3006,0.9934,0.000139,12.016,6.0082,2.0,0.33509,0.65259,1.68243,0.16364,0.9869,0.9817,0.9947,0.4918,1.9961,2.3288,0.8982,4.6338,18.0573,9.0463,81,0.0747,-0.7197,57,0.1452,-1.0,-1.0,0.096458,0.0856412,0.0594009,0.0159998,0.0507437,-0.0360633,0.0642765,182.0,190.0,0.0446133,0.0920295,-0.3470086,0.0013737,0.0087969,-0.0680841,0.0686638,181.0,191.0
